-- phpMyAdmin SQL Dump
-- version 5.0.4
-- https://www.phpmyadmin.net/
--
-- Host: 127.0.0.1
-- Waktu pembuatan: 25 Jul 2023 pada 21.11
-- Versi server: 10.4.17-MariaDB
-- Versi PHP: 8.0.0

SET SQL_MODE = "NO_AUTO_VALUE_ON_ZERO";
START TRANSACTION;
SET time_zone = "+00:00";


/*!40101 SET @OLD_CHARACTER_SET_CLIENT=@@CHARACTER_SET_CLIENT */;
/*!40101 SET @OLD_CHARACTER_SET_RESULTS=@@CHARACTER_SET_RESULTS */;
/*!40101 SET @OLD_COLLATION_CONNECTION=@@COLLATION_CONNECTION */;
/*!40101 SET NAMES utf8mb4 */;

--
-- Database: `kimia_farma_vix`
--

-- --------------------------------------------------------

--
-- Struktur dari tabel `agg_table`
--

CREATE TABLE `agg_table` (
  `tanggal` varchar(10) CHARACTER SET utf8 DEFAULT NULL,
  `id_invoice` varchar(6) CHARACTER SET utf8 NOT NULL,
  `lokasi_cabang` varchar(45) CHARACTER SET utf8 DEFAULT NULL,
  `pelanggan` varchar(45) CHARACTER SET utf8 DEFAULT NULL,
  `produk` varchar(45) CHARACTER SET utf8 DEFAULT NULL,
  `merek` varchar(8) CHARACTER SET utf8 DEFAULT NULL,
  `jumlah_produk_terjual` int(3) DEFAULT NULL,
  `harga_satuan` decimal(6,2) DEFAULT NULL,
  `total_pendapatan` decimal(16,2) DEFAULT NULL
) ENGINE=InnoDB DEFAULT CHARSET=latin1;

--
-- Dumping data untuk tabel `agg_table`
--

INSERT INTO `agg_table` (`tanggal`, `id_invoice`, `lokasi_cabang`, `pelanggan`, `produk`, `merek`, `jumlah_produk_terjual`, `harga_satuan`, `total_pendapatan`) VALUES
('01-20-2022', 'IN6297', 'Kuningan', 'APOTEK MAJA', 'ALERGINE TABLET SALUT', 'ETIKAL', 5, '2337.50', '11687.50'),
('01-20-2022', 'IN5997', 'Aceh', 'APOTEK TAPAK', 'ACYCLOVIR DUS', 'OGB & PH', 1, '1169.91', '1169.91'),
('01-21-2022', 'IN6155', 'Jakarta', 'KLINIK GM', 'AMPICILLIN', 'MARCKS', 9, '9999.99', '89999.91'),
('01-22-2022', 'IN6144', 'Bandung', 'APOTEK MERDEKA', 'TRAMADOL KAPSUL 50 MG', 'VNS', 13, '8700.70', '113109.10'),
('01-23-2022', 'IN6210', 'Kuningan', 'APOTEK MAJA', 'ERGOTAMINE COFFEINE', 'ETIKAL', 4, '4592.10', '18368.40'),
('01-23-2022', 'IN6311', 'Kuningan', 'APOTEK MAJA', 'ERGOTAMINE COFFEINE', 'ETIKAL', 7, '4592.10', '32144.70'),
('01-23-2022', 'IN6307', 'Kuningan', 'APOTEK MAJA', 'ERGOTAMINE COFFEINE', 'ETIKAL', 14, '4592.10', '64289.40'),
('01-23-2022', 'IN6308', 'Kuningan', 'APOTEK MAJA', 'ERGOTAMINE COFFEINE', 'ETIKAL', 67, '4592.10', '307670.70'),
('01-23-2022', 'IN6216', 'Kuningan', 'APOTEK MAJA', 'ERGOTAMINE COFFEINE', 'ETIKAL', 98, '4592.10', '450025.80'),
('01-23-2022', 'IN6190', 'Bandung', 'APOTEK MERDEKA', 'ACYCLOVIR DUS', 'OGB & PH', 2, '1169.91', '2339.82'),
('01-23-2022', 'IN6039', 'Bandung', 'APOTEK MERDEKA', 'ACYCLOVIR DUS', 'OGB & PH', 13, '1169.91', '15208.83'),
('01-23-2022', 'IN6215', 'Bandung', 'APOTEK MERDEKA', 'ACYCLOVIR DUS', 'OGB & PH', 14, '1169.91', '16378.74'),
('01-23-2022', 'IN6233', 'Bandung', 'APOTEK MERDEKA', 'ACYCLOVIR DUS', 'OGB & PH', 24, '1169.91', '28077.84'),
('01-23-2022', 'IN6284', 'Bandung', 'APOTEK MERDEKA', 'ACYCLOVIR DUS', 'OGB & PH', 76, '1169.91', '88913.16'),
('01-23-2022', 'IN6028', 'Bandung', 'APOTEK MERDEKA', 'ACYCLOVIR DUS', 'OGB & PH', 98, '1169.91', '114651.18'),
('01-23-2022', 'IN6217', 'Padang', 'APOTEK SAHABAT', 'AMPICILLIN', 'VNS', 5, '5780.70', '28903.50'),
('01-23-2022', 'IN6086', 'Padang', 'APOTEK SAHABAT', 'AMPICILLIN', 'VNS', 14, '5780.70', '80929.80'),
('01-23-2022', 'IN6183', 'Padang', 'APOTEK SAHABAT', 'AMPICILLIN', 'VNS', 25, '5780.70', '144517.50'),
('01-23-2022', 'IN6202', 'Padang', 'APOTEK SAHABAT', 'AMPICILLIN', 'VNS', 34, '5780.70', '196543.80'),
('01-23-2022', 'IN6286', 'Padang', 'APOTEK SAHABAT', 'AMPICILLIN', 'VNS', 120, '5780.70', '693684.00'),
('01-23-2022', 'IN6052', 'Bekasi', 'APOTEK SINAR JAYA', 'KETOCONAZOLE TABLET 200 MG', 'OGB & PH', 5, '2819.20', '14096.00'),
('01-23-2022', 'IN6317', 'Aceh', 'APOTEK TAPAK', 'AMPICILLIN', 'MARCKS', 10, '9999.99', '99999.90'),
('01-23-2022', 'IN6125', 'Aceh', 'APOTEK TAPAK', 'AMPICILLIN', 'MARCKS', 14, '9999.99', '139999.86'),
('01-23-2022', 'IN5980', 'Aceh', 'APOTEK TAPAK', 'AMPICILLIN', 'MARCKS', 20, '9999.99', '199999.80'),
('01-23-2022', 'IN6318', 'Aceh', 'APOTEK TAPAK', 'AMPICILLIN', 'MARCKS', 22, '9999.99', '219999.78'),
('01-23-2022', 'IN6289', 'Aceh', 'APOTEK TAPAK', 'AMPICILLIN', 'MARCKS', 25, '9999.99', '249999.75'),
('01-23-2022', 'IN6251', 'Aceh', 'APOTEK TAPAK', 'TETRACYCLINE KAPSUL 250 MG', 'MARCKS', 1, '3991.90', '3991.90'),
('01-23-2022', 'IN6280', 'Tangerang', 'KLINIK SAHABAT', 'KLORPROMAZINA TABLET SALUT SELAPUT 100 MG', 'SLCYL', 1, '5648.30', '5648.30'),
('01-23-2022', 'IN6065', 'Tangerang', 'KLINIK SAHABAT', 'KLORPROMAZINA TABLET SALUT SELAPUT 100 MG', 'SLCYL', 4, '5648.30', '22593.20'),
('01-23-2022', 'IN5991', 'Tangerang', 'KLINIK SAHABAT', 'KLORPROMAZINA TABLET SALUT SELAPUT 100 MG', 'SLCYL', 24, '5648.30', '135559.20'),
('01-23-2022', 'IN6221', 'Tangerang', 'KLINIK SAHABAT', 'KLORPROMAZINA TABLET SALUT SELAPUT 100 MG', 'SLCYL', 25, '5648.30', '141207.50'),
('01-23-2022', 'IN6242', 'Tangerang', 'KLINIK SAHABAT', 'KLORPROMAZINA TABLET SALUT SELAPUT 100 MG', 'SLCYL', 44, '5648.30', '248525.20'),
('01-23-2022', 'IN6220', 'Tangerang', 'KLINIK SAHABAT', 'KLORPROMAZINA TABLET SALUT SELAPUT 100 MG', 'SLCYL', 48, '5648.30', '271118.40'),
('01-25-2022', 'IN6089', 'Padang', 'APOTEK SAHABAT', 'ERGOTAMINE COFFEINE', 'ETIKAL', 9, '4592.10', '41328.90'),
('01-27-2022', 'IN6095', 'Kuningan', 'APOTEK MAJA', 'AMBROXOL HC', 'VNS', 5, '5780.70', '28903.50'),
('01-27-2022', 'IN6131', 'Kuningan', 'APOTEK MAJA', 'AMBROXOL HC', 'VNS', 10, '5780.70', '57807.00'),
('01-27-2022', 'IN6066', 'Kuningan', 'APOTEK MAJA', 'AMBROXOL HC', 'VNS', 12, '5780.70', '69368.40'),
('01-27-2022', 'IN6228', 'Kuningan', 'APOTEK MAJA', 'AMBROXOL HC', 'VNS', 12, '5780.70', '69368.40'),
('01-27-2022', 'IN6036', 'Kuningan', 'APOTEK MAJA', 'AMBROXOL HC', 'VNS', 23, '5780.70', '132956.10'),
('01-27-2022', 'IN6327', 'Kuningan', 'APOTEK MAJA', 'AMBROXOL HC', 'VNS', 25, '5780.70', '144517.50'),
('01-27-2022', 'IN6205', 'Bekasi', 'APOTEK SINAR JAYA', 'ACYCLOVIR DUS', 'OGB & PH', 8, '1169.91', '9359.28'),
('01-27-2022', 'IN6238', 'Bekasi', 'APOTEK SINAR JAYA', 'ACYCLOVIR DUS', 'OGB & PH', 9, '1169.91', '10529.19'),
('01-27-2022', 'IN6062', 'Bekasi', 'APOTEK SINAR JAYA', 'ACYCLOVIR DUS', 'OGB & PH', 12, '1169.91', '14038.92'),
('01-27-2022', 'IN6113', 'Bekasi', 'APOTEK SINAR JAYA', 'ACYCLOVIR DUS', 'OGB & PH', 12, '1169.91', '14038.92'),
('01-27-2022', 'IN6306', 'Bekasi', 'APOTEK SINAR JAYA', 'ACYCLOVIR DUS', 'OGB & PH', 45, '1169.91', '52645.95'),
('01-27-2022', 'IN6258', 'Lampung', 'KLINIK DR. ANDRI', 'KLORPROMAZINA TABLET SALUT SELAPUT 100 MG', 'SLCYL', 1, '5648.30', '5648.30'),
('01-27-2022', 'IN6003', 'Lampung', 'KLINIK DR. ANDRI', 'KLORPROMAZINA TABLET SALUT SELAPUT 100 MG', 'SLCYL', 9, '5648.30', '50834.70'),
('01-27-2022', 'IN6188', 'Lampung', 'KLINIK DR. ANDRI', 'KLORPROMAZINA TABLET SALUT SELAPUT 100 MG', 'SLCYL', 10, '5648.30', '56483.00'),
('01-27-2022', 'IN6299', 'Lampung', 'KLINIK DR. ANDRI', 'KLORPROMAZINA TABLET SALUT SELAPUT 100 MG', 'SLCYL', 12, '5648.30', '67779.60'),
('01-27-2022', 'IN6024', 'Lampung', 'KLINIK DR. ANDRI', 'KLORPROMAZINA TABLET SALUT SELAPUT 100 MG', 'SLCYL', 12, '5648.30', '67779.60'),
('01-27-2022', 'IN6118', 'Jakarta', 'KLINIK GM', 'AMPICILLIN', 'MARCKS', 19, '9999.99', '189999.81'),
('01-27-2022', 'IN6146', 'Jakarta', 'KLINIK GM', 'AMPICILLIN', 'MARCKS', 25, '9999.99', '249999.75'),
('01-27-2022', 'IN6058', 'Jakarta', 'KLINIK GM', 'AMPICILLIN', 'MARCKS', 34, '9999.99', '339999.66'),
('01-27-2022', 'IN6124', 'Jakarta', 'KLINIK GM', 'AMPICILLIN', 'MARCKS', 95, '9999.99', '949999.05'),
('01-27-2022', 'IN6074', 'Jakarta', 'KLINIK GM', 'AMPICILLIN', 'MARCKS', 98, '9999.99', '979999.02'),
('01-27-2022', 'IN6173', 'Tangerang', 'KLINIK SAHABAT', 'ACYCLOVIR DUS', 'ETIKAL', 12, '4592.10', '55105.20'),
('01-27-2022', 'IN6103', 'Tangerang', 'KLINIK SAHABAT', 'ACYCLOVIR DUS', 'ETIKAL', 15, '4592.10', '68881.50'),
('01-27-2022', 'IN6161', 'Tangerang', 'KLINIK SAHABAT', 'ACYCLOVIR DUS', 'ETIKAL', 24, '4592.10', '110210.40'),
('01-27-2022', 'IN6219', 'Tangerang', 'KLINIK SAHABAT', 'ACYCLOVIR DUS', 'ETIKAL', 34, '4592.10', '156131.40'),
('01-27-2022', 'IN6136', 'Tangerang', 'KLINIK SAHABAT', 'ACYCLOVIR DUS', 'ETIKAL', 78, '4592.10', '358183.80'),
('01-28-2022', 'IN6200', 'Bandung', 'APOTEK MERDEKA', 'TRAMADOL KAPSUL 50 MG', 'VNS', 5, '8700.70', '43503.50'),
('01-28-2022', 'IN6162', 'Bandung', 'APOTEK MERDEKA', 'TRAMADOL KAPSUL 50 MG', 'VNS', 12, '8700.70', '104408.40'),
('01-28-2022', 'IN6230', 'Bandung', 'APOTEK MERDEKA', 'TRAMADOL KAPSUL 50 MG', 'VNS', 14, '8700.70', '121809.80'),
('01-28-2022', 'IN6246', 'Bandung', 'APOTEK MERDEKA', 'TRAMADOL KAPSUL 50 MG', 'VNS', 34, '8700.70', '295823.80'),
('01-28-2022', 'IN5981', 'Bandung', 'APOTEK MERDEKA', 'TRAMADOL KAPSUL 50 MG', 'VNS', 76, '8700.70', '661253.20'),
('01-28-2022', 'IN6325', 'Padang', 'APOTEK SAHABAT', 'ALERGINE TABLET SALUT', 'ETIKAL', 9, '2337.50', '21037.50'),
('01-28-2022', 'IN6167', 'Padang', 'APOTEK SAHABAT', 'ALERGINE TABLET SALUT', 'ETIKAL', 12, '2337.50', '28050.00'),
('01-28-2022', 'IN6214', 'Padang', 'APOTEK SAHABAT', 'ALERGINE TABLET SALUT', 'ETIKAL', 21, '2337.50', '49087.50'),
('01-28-2022', 'IN6141', 'Padang', 'APOTEK SAHABAT', 'ALERGINE TABLET SALUT', 'ETIKAL', 25, '2337.50', '58437.50'),
('01-28-2022', 'IN6253', 'Padang', 'APOTEK SAHABAT', 'ALERGINE TABLET SALUT', 'ETIKAL', 34, '2337.50', '79475.00'),
('01-28-2022', 'IN6292', 'Bekasi', 'APOTEK SINAR JAYA', 'ALERGINE TABLET SALUT', 'MARCKS', 10, '3991.90', '39919.00'),
('01-28-2022', 'IN6172', 'Bekasi', 'APOTEK SINAR JAYA', 'ALERGINE TABLET SALUT', 'MARCKS', 12, '3991.90', '47902.80'),
('01-28-2022', 'IN6013', 'Bekasi', 'APOTEK SINAR JAYA', 'ALERGINE TABLET SALUT', 'MARCKS', 25, '3991.90', '99797.50'),
('01-28-2022', 'IN6053', 'Bekasi', 'APOTEK SINAR JAYA', 'ALERGINE TABLET SALUT', 'MARCKS', 44, '3991.90', '175643.60'),
('01-28-2022', 'IN6314', 'Bekasi', 'APOTEK SINAR JAYA', 'ALERGINE TABLET SALUT', 'MARCKS', 45, '3991.90', '179635.50'),
('01-28-2022', 'IN6064', 'Aceh', 'APOTEK TAPAK', 'KETOCONAZOLE TABLET 200 MG', 'OGB & PH', 10, '2819.20', '28192.00'),
('01-28-2022', 'IN6247', 'Aceh', 'APOTEK TAPAK', 'KETOCONAZOLE TABLET 200 MG', 'OGB & PH', 10, '2819.20', '28192.00'),
('01-28-2022', 'IN6070', 'Aceh', 'APOTEK TAPAK', 'KETOCONAZOLE TABLET 200 MG', 'OGB & PH', 23, '2819.20', '64841.60'),
('01-28-2022', 'IN6184', 'Aceh', 'APOTEK TAPAK', 'KETOCONAZOLE TABLET 200 MG', 'OGB & PH', 25, '2819.20', '70480.00'),
('01-28-2022', 'IN6116', 'Aceh', 'APOTEK TAPAK', 'KETOCONAZOLE TABLET 200 MG', 'OGB & PH', 67, '2819.20', '188886.40'),
('01-28-2022', 'IN6029', 'Jakarta', 'KLINIK GM', 'PARACETAMOL', 'SLCYL', 4, '6940.30', '27761.20'),
('01-28-2022', 'IN6049', 'Jakarta', 'KLINIK GM', 'PARACETAMOL', 'SLCYL', 9, '6940.30', '62462.70'),
('01-28-2022', 'IN6119', 'Jakarta', 'KLINIK GM', 'PARACETAMOL', 'SLCYL', 14, '6940.30', '97164.20'),
('01-28-2022', 'IN6199', 'Jakarta', 'KLINIK GM', 'PARACETAMOL', 'SLCYL', 25, '6940.30', '173507.50'),
('01-28-2022', 'IN6262', 'Jakarta', 'KLINIK GM', 'PARACETAMOL', 'SLCYL', 67, '6940.30', '465000.10'),
('01-28-2022', 'IN6303', 'Jakarta', 'KLINIK GM', 'PARACETAMOL', 'SLCYL', 95, '6940.30', '659328.50'),
('01-30-2022', 'IN6025', 'Kuningan', 'APOTEK MAJA', 'TRAMADOL KAPSUL 50 MG', 'VNS', 7, '8700.70', '60904.90'),
('01-30-2022', 'IN6256', 'Kuningan', 'APOTEK MAJA', 'TRAMADOL KAPSUL 50 MG', 'VNS', 12, '8700.70', '104408.40'),
('01-30-2022', 'IN6305', 'Kuningan', 'APOTEK MAJA', 'TRAMADOL KAPSUL 50 MG', 'VNS', 14, '8700.70', '121809.80'),
('01-30-2022', 'IN6176', 'Kuningan', 'APOTEK MAJA', 'TRAMADOL KAPSUL 50 MG', 'VNS', 18, '8700.70', '156612.60'),
('01-30-2022', 'IN6104', 'Kuningan', 'APOTEK MAJA', 'TRAMADOL KAPSUL 50 MG', 'VNS', 45, '8700.70', '391531.50'),
('01-30-2022', 'IN5982', 'Bekasi', 'APOTEK SINAR JAYA', 'KETOCONAZOLE TABLET 200 MG', 'OGB & PH', 5, '2819.20', '14096.00'),
('01-30-2022', 'IN6208', 'Bekasi', 'APOTEK SINAR JAYA', 'KETOCONAZOLE TABLET 200 MG', 'OGB & PH', 8, '2819.20', '22553.60'),
('01-30-2022', 'IN6281', 'Bekasi', 'APOTEK SINAR JAYA', 'KETOCONAZOLE TABLET 200 MG', 'OGB & PH', 10, '2819.20', '28192.00'),
('01-30-2022', 'IN6170', 'Bekasi', 'APOTEK SINAR JAYA', 'KETOCONAZOLE TABLET 200 MG', 'OGB & PH', 14, '2819.20', '39468.80'),
('01-30-2022', 'IN6122', 'Bekasi', 'APOTEK SINAR JAYA', 'KETOCONAZOLE TABLET 200 MG', 'OGB & PH', 21, '2819.20', '59203.20'),
('01-30-2022', 'IN6323', 'Lampung', 'KLINIK DR. ANDRI', 'TRAMADOL KAPSUL 50 MG', 'SLCYL', 6, '6940.30', '41641.80'),
('01-30-2022', 'IN6008', 'Lampung', 'KLINIK DR. ANDRI', 'TRAMADOL KAPSUL 50 MG', 'SLCYL', 12, '6940.30', '83283.60'),
('01-30-2022', 'IN6278', 'Lampung', 'KLINIK DR. ANDRI', 'TRAMADOL KAPSUL 50 MG', 'SLCYL', 14, '6940.30', '97164.20'),
('01-30-2022', 'IN6279', 'Lampung', 'KLINIK DR. ANDRI', 'TRAMADOL KAPSUL 50 MG', 'SLCYL', 20, '6940.30', '138806.00'),
('01-30-2022', 'IN6108', 'Lampung', 'KLINIK DR. ANDRI', 'TRAMADOL KAPSUL 50 MG', 'SLCYL', 21, '6940.30', '145746.30'),
('01-30-2022', 'IN6083', 'Jakarta', 'KLINIK GM', 'TETRACYCLINE KAPSUL 250 MG', 'MARCKS', 2, '3991.90', '7983.80'),
('01-30-2022', 'IN6099', 'Jakarta', 'KLINIK GM', 'TETRACYCLINE KAPSUL 250 MG', 'MARCKS', 5, '3991.90', '19959.50'),
('01-30-2022', 'IN6245', 'Jakarta', 'KLINIK GM', 'TETRACYCLINE KAPSUL 250 MG', 'MARCKS', 34, '3991.90', '135724.60'),
('01-30-2022', 'IN6038', 'Jakarta', 'KLINIK GM', 'TETRACYCLINE KAPSUL 250 MG', 'MARCKS', 98, '3991.90', '391206.20'),
('01-30-2022', 'IN6248', 'Jakarta', 'KLINIK GM', 'TETRACYCLINE KAPSUL 250 MG', 'MARCKS', 100, '3991.90', '399190.00'),
('01-30-2022', 'IN6276', 'Tangerang', 'KLINIK SAHABAT', 'ALERGINE TABLET SALUT', 'ETIKAL', 1, '2337.50', '2337.50'),
('01-30-2022', 'IN6163', 'Tangerang', 'KLINIK SAHABAT', 'ALERGINE TABLET SALUT', 'ETIKAL', 5, '2337.50', '11687.50'),
('01-30-2022', 'IN6235', 'Tangerang', 'KLINIK SAHABAT', 'ALERGINE TABLET SALUT', 'ETIKAL', 10, '2337.50', '23375.00'),
('01-30-2022', 'IN6287', 'Tangerang', 'KLINIK SAHABAT', 'ALERGINE TABLET SALUT', 'ETIKAL', 17, '2337.50', '39737.50'),
('01-30-2022', 'IN6107', 'Tangerang', 'KLINIK SAHABAT', 'ALERGINE TABLET SALUT', 'ETIKAL', 24, '2337.50', '56100.00'),
('01-30-2022', 'IN6240', 'Tangerang', 'KLINIK SAHABAT', 'ALERGINE TABLET SALUT', 'ETIKAL', 48, '2337.50', '112200.00'),
('01-31-2022', 'IN6326', 'Bandung', 'APOTEK MERDEKA', 'AMBROXOL HC', 'VNS', 4, '5780.70', '23122.80'),
('01-31-2022', 'IN6130', 'Bandung', 'APOTEK MERDEKA', 'AMBROXOL HC', 'VNS', 5, '5780.70', '28903.50'),
('01-31-2022', 'IN6322', 'Bandung', 'APOTEK MERDEKA', 'AMBROXOL HC', 'VNS', 17, '5780.70', '98271.90'),
('01-31-2022', 'IN6042', 'Bandung', 'APOTEK MERDEKA', 'AMBROXOL HC', 'VNS', 67, '5780.70', '387306.90'),
('01-31-2022', 'IN6195', 'Bandung', 'APOTEK MERDEKA', 'AMBROXOL HC', 'VNS', 67, '5780.70', '387306.90'),
('01-31-2022', 'IN6068', 'Padang', 'APOTEK SAHABAT', 'ERGOTAMINE COFFEINE', 'ETIKAL', 6, '4592.10', '27552.60'),
('01-31-2022', 'IN6148', 'Padang', 'APOTEK SAHABAT', 'ERGOTAMINE COFFEINE', 'ETIKAL', 9, '4592.10', '41328.90'),
('01-31-2022', 'IN6045', 'Padang', 'APOTEK SAHABAT', 'ERGOTAMINE COFFEINE', 'ETIKAL', 21, '4592.10', '96434.10'),
('01-31-2022', 'IN6255', 'Padang', 'APOTEK SAHABAT', 'ERGOTAMINE COFFEINE', 'ETIKAL', 22, '4592.10', '101026.20'),
('01-31-2022', 'IN6226', 'Padang', 'APOTEK SAHABAT', 'ERGOTAMINE COFFEINE', 'ETIKAL', 23, '4592.10', '105618.30'),
('01-31-2022', 'IN6191', 'Bekasi', 'APOTEK SINAR JAYA', 'AMPICILLIN', 'MARCKS', 4, '9999.99', '39999.96'),
('01-31-2022', 'IN6015', 'Bekasi', 'APOTEK SINAR JAYA', 'AMPICILLIN', 'MARCKS', 5, '9999.99', '49999.95'),
('01-31-2022', 'IN6152', 'Bekasi', 'APOTEK SINAR JAYA', 'AMPICILLIN', 'MARCKS', 10, '9999.99', '99999.90'),
('01-31-2022', 'IN6102', 'Bekasi', 'APOTEK SINAR JAYA', 'AMPICILLIN', 'MARCKS', 11, '9999.99', '109999.89'),
('01-31-2022', 'IN6244', 'Bekasi', 'APOTEK SINAR JAYA', 'AMPICILLIN', 'MARCKS', 21, '9999.99', '209999.79'),
('01-31-2022', 'IN6263', 'Bekasi', 'APOTEK SINAR JAYA', 'AMPICILLIN', 'MARCKS', 130, '9999.99', '1299998.70'),
('01-31-2022', 'IN6040', 'Aceh', 'APOTEK TAPAK', 'ACYCLOVIR DUS', 'OGB & PH', 10, '1169.91', '11699.10'),
('01-31-2022', 'IN6186', 'Aceh', 'APOTEK TAPAK', 'ACYCLOVIR DUS', 'OGB & PH', 18, '1169.91', '21058.38'),
('01-31-2022', 'IN6321', 'Aceh', 'APOTEK TAPAK', 'ACYCLOVIR DUS', 'OGB & PH', 22, '1169.91', '25738.02'),
('01-31-2022', 'IN6196', 'Aceh', 'APOTEK TAPAK', 'ACYCLOVIR DUS', 'OGB & PH', 45, '1169.91', '52645.95'),
('01-31-2022', 'IN6241', 'Aceh', 'APOTEK TAPAK', 'ACYCLOVIR DUS', 'OGB & PH', 79, '1169.91', '92422.89'),
('01-31-2022', 'IN6175', 'Jakarta', 'KLINIK GM', 'KLORPROMAZINA TABLET SALUT SELAPUT 100 MG', 'SLCYL', 18, '5648.30', '101669.40'),
('01-31-2022', 'IN6048', 'Jakarta', 'KLINIK GM', 'KLORPROMAZINA TABLET SALUT SELAPUT 100 MG', 'SLCYL', 25, '5648.30', '141207.50'),
('01-31-2022', 'IN6050', 'Jakarta', 'KLINIK GM', 'KLORPROMAZINA TABLET SALUT SELAPUT 100 MG', 'SLCYL', 34, '5648.30', '192042.20'),
('01-31-2022', 'IN6079', 'Jakarta', 'KLINIK GM', 'KLORPROMAZINA TABLET SALUT SELAPUT 100 MG', 'SLCYL', 34, '5648.30', '192042.20'),
('01-31-2022', 'IN6203', 'Jakarta', 'KLINIK GM', 'KLORPROMAZINA TABLET SALUT SELAPUT 100 MG', 'SLCYL', 100, '5648.30', '564830.00'),
('02-01-2022', 'IN6134', 'Kuningan', 'APOTEK MAJA', 'ALERGINE TABLET SALUT', 'ETIKAL', 12, '2337.50', '28050.00'),
('02-01-2022', 'IN5994', 'Kuningan', 'APOTEK MAJA', 'ALERGINE TABLET SALUT', 'ETIKAL', 12, '2337.50', '28050.00'),
('02-01-2022', 'IN6211', 'Kuningan', 'APOTEK MAJA', 'ALERGINE TABLET SALUT', 'ETIKAL', 18, '2337.50', '42075.00'),
('02-01-2022', 'IN6266', 'Kuningan', 'APOTEK MAJA', 'ALERGINE TABLET SALUT', 'ETIKAL', 34, '2337.50', '79475.00'),
('02-01-2022', 'IN6084', 'Kuningan', 'APOTEK MAJA', 'ALERGINE TABLET SALUT', 'ETIKAL', 67, '2337.50', '156612.50'),
('02-01-2022', 'IN6120', 'Bandung', 'APOTEK MERDEKA', 'KETOCONAZOLE TABLET 200 MG', 'OGB & PH', 14, '2819.20', '39468.80'),
('02-01-2022', 'IN6259', 'Bandung', 'APOTEK MERDEKA', 'KETOCONAZOLE TABLET 200 MG', 'OGB & PH', 19, '2819.20', '53564.80'),
('02-01-2022', 'IN6054', 'Bandung', 'APOTEK MERDEKA', 'KETOCONAZOLE TABLET 200 MG', 'OGB & PH', 34, '2819.20', '95852.80'),
('02-01-2022', 'IN6320', 'Bandung', 'APOTEK MERDEKA', 'KETOCONAZOLE TABLET 200 MG', 'OGB & PH', 67, '2819.20', '188886.40'),
('02-01-2022', 'IN6243', 'Bandung', 'APOTEK MERDEKA', 'KETOCONAZOLE TABLET 200 MG', 'OGB & PH', 67, '2819.20', '188886.40'),
('02-01-2022', 'IN6274', 'Padang', 'APOTEK SAHABAT', 'TRAMADOL KAPSUL 50 MG', 'VNS', 8, '8700.70', '69605.60'),
('02-01-2022', 'IN6185', 'Padang', 'APOTEK SAHABAT', 'TRAMADOL KAPSUL 50 MG', 'VNS', 9, '8700.70', '78306.30'),
('02-01-2022', 'IN6269', 'Padang', 'APOTEK SAHABAT', 'TRAMADOL KAPSUL 50 MG', 'VNS', 12, '8700.70', '104408.40'),
('02-01-2022', 'IN6301', 'Padang', 'APOTEK SAHABAT', 'TRAMADOL KAPSUL 50 MG', 'VNS', 12, '8700.70', '104408.40'),
('02-01-2022', 'IN6060', 'Padang', 'APOTEK SAHABAT', 'TRAMADOL KAPSUL 50 MG', 'VNS', 22, '8700.70', '191415.40'),
('02-01-2022', 'IN6017', 'Padang', 'APOTEK SAHABAT', 'TRAMADOL KAPSUL 50 MG', 'VNS', 23, '8700.70', '200116.10'),
('02-01-2022', 'IN6072', 'Aceh', 'APOTEK TAPAK', 'TETRACYCLINE KAPSUL 250 MG', 'MARCKS', 1, '3991.90', '3991.90'),
('02-01-2022', 'IN6005', 'Aceh', 'APOTEK TAPAK', 'TETRACYCLINE KAPSUL 250 MG', 'MARCKS', 12, '3991.90', '47902.80'),
('02-01-2022', 'IN6063', 'Aceh', 'APOTEK TAPAK', 'TETRACYCLINE KAPSUL 250 MG', 'MARCKS', 12, '3991.90', '47902.80'),
('02-01-2022', 'IN6300', 'Aceh', 'APOTEK TAPAK', 'TETRACYCLINE KAPSUL 250 MG', 'MARCKS', 22, '3991.90', '87821.80'),
('02-01-2022', 'IN6128', 'Aceh', 'APOTEK TAPAK', 'TETRACYCLINE KAPSUL 250 MG', 'MARCKS', 79, '3991.90', '315360.10'),
('02-01-2022', 'IN6293', 'Tangerang', 'KLINIK SAHABAT', 'PARACETAMOL', 'SLCYL', 4, '6940.30', '27761.20'),
('02-01-2022', 'IN6267', 'Tangerang', 'KLINIK SAHABAT', 'PARACETAMOL', 'SLCYL', 8, '6940.30', '55522.40'),
('02-01-2022', 'IN6291', 'Tangerang', 'KLINIK SAHABAT', 'PARACETAMOL', 'SLCYL', 11, '6940.30', '76343.30'),
('02-01-2022', 'IN6023', 'Tangerang', 'KLINIK SAHABAT', 'PARACETAMOL', 'SLCYL', 15, '6940.30', '104104.50'),
('02-01-2022', 'IN6133', 'Tangerang', 'KLINIK SAHABAT', 'PARACETAMOL', 'SLCYL', 78, '6940.30', '541343.40'),
('02-02-2022', 'IN6254', 'Lampung', 'KLINIK DR. ANDRI', 'KLORPROMAZINA TABLET SALUT SELAPUT 100 MG', 'SLCYL', 12, '5648.30', '67779.60'),
('02-03-2022', 'IN6171', 'Aceh', 'APOTEK TAPAK', 'KETOCONAZOLE TABLET 200 MG', 'OGB & PH', 25, '2819.20', '70480.00'),
('02-04-2022', 'IN6002', 'Kuningan', 'APOTEK MAJA', 'ERGOTAMINE COFFEINE', 'ETIKAL', 14, '4592.10', '64289.40'),
('02-05-2022', 'IN6261', 'Jakarta', 'KLINIK GM', 'TETRACYCLINE KAPSUL 250 MG', 'MARCKS', 24, '3991.90', '95805.60'),
('02-06-2022', 'IN6088', 'Bandung', 'APOTEK MERDEKA', 'AMBROXOL HC', 'VNS', 10, '5780.70', '57807.00'),
('02-07-2022', 'IN6181', 'Tangerang', 'KLINIK SAHABAT', 'PARACETAMOL', 'SLCYL', 130, '6940.30', '902239.00'),
('02-08-2022', 'IN6135', 'Bekasi', 'APOTEK SINAR JAYA', 'ACYCLOVIR DUS', 'OGB & PH', 12, '1169.91', '14038.92'),
('02-09-2022', 'IN5988', 'Padang', 'APOTEK SAHABAT', 'ALERGINE TABLET SALUT', 'ETIKAL', 10, '2337.50', '23375.00'),
('02-10-2022', 'IN6234', 'Aceh', 'APOTEK TAPAK', 'AMPICILLIN', 'MARCKS', 67, '9999.99', '669999.33'),
('02-11-2022', 'IN6319', 'Kuningan', 'APOTEK MAJA', 'TRAMADOL KAPSUL 50 MG', 'VNS', 98, '8700.70', '852668.60'),
('02-12-2022', 'IN6006', 'Jakarta', 'KLINIK GM', 'KLORPROMAZINA TABLET SALUT SELAPUT 100 MG', 'SLCYL', 5, '5648.30', '28241.50'),
('02-13-2022', 'IN6147', 'Bandung', 'APOTEK MERDEKA', 'KETOCONAZOLE TABLET 200 MG', 'OGB & PH', 4, '2819.20', '11276.80'),
('02-14-2022', 'IN6129', 'Tangerang', 'KLINIK SAHABAT', 'ACYCLOVIR DUS', 'ETIKAL', 8, '4592.10', '36736.80'),
('02-15-2022', 'IN5986', 'Bekasi', 'APOTEK SINAR JAYA', 'ALERGINE TABLET SALUT', 'MARCKS', 9, '3991.90', '35927.10'),
('02-16-2022', 'IN6026', 'Padang', 'APOTEK SAHABAT', 'AMPICILLIN', 'VNS', 21, '5780.70', '121394.70'),
('02-17-2022', 'IN6224', 'Lampung', 'KLINIK DR. ANDRI', 'TRAMADOL KAPSUL 50 MG', 'SLCYL', 22, '6940.30', '152686.60'),
('02-18-2022', 'IN6087', 'Aceh', 'APOTEK TAPAK', 'ACYCLOVIR DUS', 'OGB & PH', 12, '1169.91', '14038.92'),
('02-19-2022', 'IN6096', 'Kuningan', 'APOTEK MAJA', 'ALERGINE TABLET SALUT', 'ETIKAL', 25, '2337.50', '58437.50'),
('02-20-2022', 'IN6034', 'Jakarta', 'KLINIK GM', 'AMPICILLIN', 'MARCKS', 14, '9999.99', '139999.86'),
('02-21-2022', 'IN6231', 'Bandung', 'APOTEK MERDEKA', 'TRAMADOL KAPSUL 50 MG', 'VNS', 24, '8700.70', '208816.80'),
('02-22-2022', 'IN6260', 'Tangerang', 'KLINIK SAHABAT', 'KLORPROMAZINA TABLET SALUT SELAPUT 100 MG', 'SLCYL', 10, '5648.30', '56483.00'),
('02-23-2022', 'IN6302', 'Bekasi', 'APOTEK SINAR JAYA', 'KETOCONAZOLE TABLET 200 MG', 'OGB & PH', 120, '2819.20', '338304.00'),
('02-24-2022', 'IN6061', 'Padang', 'APOTEK SAHABAT', 'ERGOTAMINE COFFEINE', 'ETIKAL', 12, '4592.10', '55105.20'),
('02-25-2022', 'IN6011', 'Aceh', 'APOTEK TAPAK', 'TETRACYCLINE KAPSUL 250 MG', 'MARCKS', 10, '3991.90', '39919.00'),
('02-26-2022', 'IN6275', 'Kuningan', 'APOTEK MAJA', 'AMBROXOL HC', 'VNS', 67, '5780.70', '387306.90'),
('02-27-2022', 'IN6114', 'Jakarta', 'KLINIK GM', 'PARACETAMOL', 'SLCYL', 98, '6940.30', '680149.40'),
('02-28-2022', 'IN6041', 'Bandung', 'APOTEK MERDEKA', 'ACYCLOVIR DUS', 'OGB & PH', 5, '1169.91', '5849.55'),
('03-01-2022', 'IN6069', 'Tangerang', 'KLINIK SAHABAT', 'ALERGINE TABLET SALUT', 'ETIKAL', 4, '2337.50', '9350.00'),
('03-02-2022', 'IN6239', 'Bekasi', 'APOTEK SINAR JAYA', 'AMPICILLIN', 'MARCKS', 8, '9999.99', '79999.92'),
('03-03-2022', 'IN6137', 'Padang', 'APOTEK SAHABAT', 'TRAMADOL KAPSUL 50 MG', 'VNS', 9, '8700.70', '78306.30'),
('03-04-2022', 'IN6189', 'Lampung', 'KLINIK DR. ANDRI', 'KLORPROMAZINA TABLET SALUT SELAPUT 100 MG', 'SLCYL', 1, '5648.30', '5648.30'),
('03-05-2022', 'IN6229', 'Aceh', 'APOTEK TAPAK', 'KETOCONAZOLE TABLET 200 MG', 'OGB & PH', 5, '2819.20', '14096.00'),
('03-06-2022', 'IN6110', 'Kuningan', 'APOTEK MAJA', 'ERGOTAMINE COFFEINE', 'ETIKAL', 9, '4592.10', '41328.90'),
('03-07-2022', 'IN6182', 'Jakarta', 'KLINIK GM', 'TETRACYCLINE KAPSUL 250 MG', 'MARCKS', 13, '3991.90', '51894.70'),
('03-08-2022', 'IN6164', 'Bandung', 'APOTEK MERDEKA', 'AMBROXOL HC', 'VNS', 1, '5780.70', '5780.70'),
('03-09-2022', 'IN6016', 'Tangerang', 'KLINIK SAHABAT', 'PARACETAMOL', 'SLCYL', 5, '6940.30', '34701.50'),
('03-10-2022', 'IN6043', 'Bekasi', 'APOTEK SINAR JAYA', 'ACYCLOVIR DUS', 'OGB & PH', 9, '1169.91', '10529.19'),
('03-11-2022', 'IN6020', 'Padang', 'APOTEK SAHABAT', 'ALERGINE TABLET SALUT', 'ETIKAL', 1, '2337.50', '2337.50'),
('03-12-2022', 'IN6206', 'Aceh', 'APOTEK TAPAK', 'AMPICILLIN', 'MARCKS', 23, '9999.99', '229999.77'),
('03-13-2022', 'IN6055', 'Kuningan', 'APOTEK MAJA', 'TRAMADOL KAPSUL 50 MG', 'VNS', 4, '8700.70', '34802.80'),
('03-14-2022', 'IN6092', 'Jakarta', 'KLINIK GM', 'KLORPROMAZINA TABLET SALUT SELAPUT 100 MG', 'SLCYL', 2, '5648.30', '11296.60'),
('03-15-2022', 'IN6177', 'Bandung', 'APOTEK MERDEKA', 'KETOCONAZOLE TABLET 200 MG', 'OGB & PH', 17, '2819.20', '47926.40'),
('03-16-2022', 'IN6209', 'Tangerang', 'KLINIK SAHABAT', 'ACYCLOVIR DUS', 'ETIKAL', 11, '4592.10', '50513.10'),
('03-17-2022', 'IN6250', 'Bekasi', 'APOTEK SINAR JAYA', 'ALERGINE TABLET SALUT', 'MARCKS', 12, '3991.90', '47902.80'),
('03-18-2022', 'IN6193', 'Padang', 'APOTEK SAHABAT', 'AMPICILLIN', 'VNS', 12, '5780.70', '69368.40'),
('03-19-2022', 'IN6081', 'Lampung', 'KLINIK DR. ANDRI', 'TRAMADOL KAPSUL 50 MG', 'SLCYL', 25, '6940.30', '173507.50'),
('03-20-2022', 'IN6149', 'Aceh', 'APOTEK TAPAK', 'ACYCLOVIR DUS', 'OGB & PH', 14, '1169.91', '16378.74'),
('03-21-2022', 'IN6014', 'Kuningan', 'APOTEK MAJA', 'ALERGINE TABLET SALUT', 'ETIKAL', 34, '2337.50', '79475.00'),
('03-22-2022', 'IN6290', 'Jakarta', 'KLINIK GM', 'AMPICILLIN', 'MARCKS', 67, '9999.99', '669999.33'),
('03-23-2022', 'IN6051', 'Bandung', 'APOTEK MERDEKA', 'TRAMADOL KAPSUL 50 MG', 'VNS', 15, '8700.70', '130510.50'),
('03-24-2022', 'IN6076', 'Tangerang', 'KLINIK SAHABAT', 'KLORPROMAZINA TABLET SALUT SELAPUT 100 MG', 'SLCYL', 12, '5648.30', '67779.60'),
('03-25-2022', 'IN6140', 'Bekasi', 'APOTEK SINAR JAYA', 'KETOCONAZOLE TABLET 200 MG', 'OGB & PH', 25, '2819.20', '70480.00'),
('03-26-2022', 'IN6080', 'Padang', 'APOTEK SAHABAT', 'ERGOTAMINE COFFEINE', 'ETIKAL', 14, '4592.10', '64289.40'),
('03-27-2022', 'IN6153', 'Aceh', 'APOTEK TAPAK', 'TETRACYCLINE KAPSUL 250 MG', 'MARCKS', 18, '3991.90', '71854.20'),
('03-28-2022', 'IN5979', 'Kuningan', 'APOTEK MAJA', 'AMBROXOL HC', 'VNS', 18, '5780.70', '104052.60'),
('03-29-2022', 'IN6098', 'Jakarta', 'KLINIK GM', 'PARACETAMOL', 'SLCYL', 19, '6940.30', '131865.70'),
('03-30-2022', 'IN6078', 'Bandung', 'APOTEK MERDEKA', 'ACYCLOVIR DUS', 'OGB & PH', 12, '1169.91', '14038.92'),
('03-31-2022', 'IN6085', 'Tangerang', 'KLINIK SAHABAT', 'ALERGINE TABLET SALUT', 'ETIKAL', 25, '2337.50', '58437.50'),
('04-01-2022', 'IN6018', 'Bekasi', 'APOTEK SINAR JAYA', 'AMPICILLIN', 'MARCKS', 14, '9999.99', '139999.86'),
('04-02-2022', 'IN6001', 'Padang', 'APOTEK SAHABAT', 'TRAMADOL KAPSUL 50 MG', 'VNS', 21, '8700.70', '182714.70'),
('04-03-2022', 'IN6271', 'Lampung', 'KLINIK DR. ANDRI', 'KLORPROMAZINA TABLET SALUT SELAPUT 100 MG', 'SLCYL', 22, '5648.30', '124262.60'),
('04-04-2022', 'IN6207', 'Aceh', 'APOTEK TAPAK', 'KETOCONAZOLE TABLET 200 MG', 'OGB & PH', 12, '2819.20', '33830.40'),
('04-05-2022', 'IN6187', 'Kuningan', 'APOTEK MAJA', 'ERGOTAMINE COFFEINE', 'ETIKAL', 25, '4592.10', '114802.50'),
('04-06-2022', 'IN5995', 'Jakarta', 'KLINIK GM', 'TETRACYCLINE KAPSUL 250 MG', 'MARCKS', 14, '3991.90', '55886.60'),
('04-07-2022', 'IN6156', 'Bandung', 'APOTEK MERDEKA', 'AMBROXOL HC', 'VNS', 24, '5780.70', '138736.80'),
('04-08-2022', 'IN6232', 'Tangerang', 'KLINIK SAHABAT', 'PARACETAMOL', 'SLCYL', 10, '6940.30', '69403.00'),
('04-09-2022', 'IN5998', 'Bekasi', 'APOTEK SINAR JAYA', 'ACYCLOVIR DUS', 'OGB & PH', 23, '1169.91', '26907.93'),
('04-10-2022', 'IN6227', 'Padang', 'APOTEK SAHABAT', 'ALERGINE TABLET SALUT', 'ETIKAL', 12, '2337.50', '28050.00'),
('04-11-2022', 'IN6027', 'Aceh', 'APOTEK TAPAK', 'AMPICILLIN', 'MARCKS', 10, '9999.99', '99999.90'),
('04-12-2022', 'IN6157', 'Kuningan', 'APOTEK MAJA', 'TRAMADOL KAPSUL 50 MG', 'VNS', 67, '8700.70', '582946.90'),
('04-13-2022', 'IN6180', 'Jakarta', 'KLINIK GM', 'KLORPROMAZINA TABLET SALUT SELAPUT 100 MG', 'SLCYL', 98, '5648.30', '553533.40'),
('04-14-2022', 'IN6257', 'Bandung', 'APOTEK MERDEKA', 'KETOCONAZOLE TABLET 200 MG', 'OGB & PH', 5, '2819.20', '14096.00'),
('04-15-2022', 'IN6031', 'Tangerang', 'KLINIK SAHABAT', 'ACYCLOVIR DUS', 'ETIKAL', 4, '4592.10', '18368.40'),
('04-16-2022', 'IN6075', 'Bandung', 'APOTEK MERDEKA', 'AMBROXOL HC', 'VNS', 48, '5780.70', '277473.60'),
('04-16-2022', 'IN6082', 'Bekasi', 'APOTEK SINAR JAYA', 'ALERGINE TABLET SALUT', 'MARCKS', 8, '3991.90', '31935.20'),
('04-17-2022', 'IN6174', 'Padang', 'APOTEK SAHABAT', 'AMPICILLIN', 'VNS', 9, '5780.70', '52026.30'),
('04-17-2022', 'IN6218', 'Tangerang', 'KLINIK SAHABAT', 'PARACETAMOL', 'SLCYL', 21, '6940.30', '145746.30'),
('04-18-2022', 'IN6194', 'Kuningan', 'APOTEK MAJA', 'AMBROXOL HC', 'VNS', 25, '5780.70', '144517.50'),
('04-18-2022', 'IN5985', 'Bekasi', 'APOTEK SINAR JAYA', 'ACYCLOVIR DUS', 'OGB & PH', 22, '1169.91', '25738.02'),
('04-18-2022', 'IN6237', 'Lampung', 'KLINIK DR. ANDRI', 'TRAMADOL KAPSUL 50 MG', 'SLCYL', 10, '6940.30', '69403.00'),
('04-18-2022', 'IN6138', 'Tangerang', 'KLINIK SAHABAT', 'ALERGINE TABLET SALUT', 'ETIKAL', 10, '2337.50', '23375.00'),
('04-19-2022', 'IN6154', 'Padang', 'APOTEK SAHABAT', 'ALERGINE TABLET SALUT', 'ETIKAL', 12, '2337.50', '28050.00'),
('04-19-2022', 'IN6316', 'Bekasi', 'APOTEK SINAR JAYA', 'AMPICILLIN', 'MARCKS', 120, '9999.99', '1199998.80'),
('04-19-2022', 'IN6021', 'Aceh', 'APOTEK TAPAK', 'ACYCLOVIR DUS', 'OGB & PH', 7, '1169.91', '8189.37'),
('04-19-2022', 'IN5987', 'Jakarta', 'KLINIK GM', 'PARACETAMOL', 'SLCYL', 14, '6940.30', '97164.20'),
('04-20-2022', 'IN6056', 'Kuningan', 'APOTEK MAJA', 'ALERGINE TABLET SALUT', 'ETIKAL', 100, '2337.50', '233750.00'),
('04-20-2022', 'IN6313', 'Bandung', 'APOTEK MERDEKA', 'ACYCLOVIR DUS', 'OGB & PH', 24, '1169.91', '28077.84'),
('04-20-2022', 'IN6019', 'Padang', 'APOTEK SAHABAT', 'TRAMADOL KAPSUL 50 MG', 'VNS', 12, '8700.70', '104408.40'),
('04-20-2022', 'IN6145', 'Aceh', 'APOTEK TAPAK', 'AMPICILLIN', 'MARCKS', 25, '9999.99', '249999.75'),
('04-21-2022', 'IN6315', 'Kuningan', 'APOTEK MAJA', 'TRAMADOL KAPSUL 50 MG', 'VNS', 14, '8700.70', '121809.80'),
('04-21-2022', 'IN5983', 'Jakarta', 'KLINIK GM', 'AMPICILLIN', 'MARCKS', 67, '9999.99', '669999.33'),
('04-22-2022', 'IN6139', 'Bandung', 'APOTEK MERDEKA', 'TRAMADOL KAPSUL 50 MG', 'VNS', 78, '8700.70', '678654.60'),
('04-23-2022', 'IN6126', 'Tangerang', 'KLINIK SAHABAT', 'KLORPROMAZINA TABLET SALUT SELAPUT 100 MG', 'SLCYL', 45, '5648.30', '254173.50'),
('04-24-2022', 'IN6127', 'Bekasi', 'APOTEK SINAR JAYA', 'KETOCONAZOLE TABLET 200 MG', 'OGB & PH', 34, '2819.20', '95852.80'),
('04-25-2022', 'IN6035', 'Padang', 'APOTEK SAHABAT', 'ERGOTAMINE COFFEINE', 'ETIKAL', 20, '4592.10', '91842.00'),
('04-26-2022', 'IN6047', 'Aceh', 'APOTEK TAPAK', 'KETOCONAZOLE TABLET 200 MG', 'OGB & PH', 12, '2819.20', '33830.40'),
('04-26-2022', 'IN6309', 'Aceh', 'APOTEK TAPAK', 'TETRACYCLINE KAPSUL 250 MG', 'MARCKS', 45, '3991.90', '179635.50'),
('04-27-2022', 'IN6073', 'Kuningan', 'APOTEK MAJA', 'AMBROXOL HC', 'VNS', 34, '5780.70', '196543.80'),
('04-27-2022', 'IN6071', 'Kuningan', 'APOTEK MAJA', 'ERGOTAMINE COFFEINE', 'ETIKAL', 95, '4592.10', '436249.50'),
('04-28-2022', 'IN6277', 'Jakarta', 'KLINIK GM', 'PARACETAMOL', 'SLCYL', 34, '6940.30', '235970.20'),
('04-28-2022', 'IN6009', 'Jakarta', 'KLINIK GM', 'TETRACYCLINE KAPSUL 250 MG', 'MARCKS', 76, '3991.90', '303384.40'),
('04-29-2022', 'IN6197', 'Bandung', 'APOTEK MERDEKA', 'ACYCLOVIR DUS', 'OGB & PH', 34, '1169.91', '39776.94'),
('04-30-2022', 'IN6097', 'Kuningan', 'APOTEK MAJA', 'AMBROXOL HC', 'VNS', 100, '5780.70', '578070.00'),
('04-30-2022', 'IN6249', 'Kuningan', 'APOTEK MAJA', 'TRAMADOL KAPSUL 50 MG', 'VNS', 25, '8700.70', '217517.50'),
('04-30-2022', 'IN6265', 'Bandung', 'APOTEK MERDEKA', 'AMBROXOL HC', 'VNS', 25, '5780.70', '144517.50'),
('04-30-2022', 'IN6304', 'Bandung', 'APOTEK MERDEKA', 'AMBROXOL HC', 'VNS', 44, '5780.70', '254350.80'),
('04-30-2022', 'IN6106', 'Bandung', 'APOTEK MERDEKA', 'TRAMADOL KAPSUL 50 MG', 'VNS', 4, '8700.70', '34802.80'),
('04-30-2022', 'IN6132', 'Padang', 'APOTEK SAHABAT', 'AMPICILLIN', 'VNS', 12, '5780.70', '69368.40'),
('04-30-2022', 'IN6310', 'Padang', 'APOTEK SAHABAT', 'TRAMADOL KAPSUL 50 MG', 'VNS', 14, '8700.70', '121809.80'),
('04-30-2022', 'IN6101', 'Padang', 'APOTEK SAHABAT', 'TRAMADOL KAPSUL 50 MG', 'VNS', 20, '8700.70', '174014.00'),
('04-30-2022', 'IN6225', 'Tangerang', 'KLINIK SAHABAT', 'ALERGINE TABLET SALUT', 'ETIKAL', 44, '2337.50', '102850.00'),
('05-01-2022', 'IN5999', 'Bekasi', 'APOTEK SINAR JAYA', 'AMPICILLIN', 'MARCKS', 5, '9999.99', '49999.95'),
('05-01-2022', 'IN6044', 'Lampung', 'KLINIK DR. ANDRI', 'KLORPROMAZINA TABLET SALUT SELAPUT 100 MG', 'SLCYL', 18, '5648.30', '101669.40'),
('05-01-2022', 'IN6142', 'Lampung', 'KLINIK DR. ANDRI', 'KLORPROMAZINA TABLET SALUT SELAPUT 100 MG', 'SLCYL', 45, '5648.30', '254173.50'),
('05-01-2022', 'IN6030', 'Lampung', 'KLINIK DR. ANDRI', 'TRAMADOL KAPSUL 50 MG', 'SLCYL', 10, '6940.30', '69403.00'),
('05-01-2022', 'IN6067', 'Jakarta', 'KLINIK GM', 'KLORPROMAZINA TABLET SALUT SELAPUT 100 MG', 'SLCYL', 14, '5648.30', '79076.20'),
('05-01-2022', 'IN5989', 'Jakarta', 'KLINIK GM', 'PARACETAMOL', 'SLCYL', 67, '6940.30', '465000.10'),
('05-01-2022', 'IN5984', 'Tangerang', 'KLINIK SAHABAT', 'KLORPROMAZINA TABLET SALUT SELAPUT 100 MG', 'SLCYL', 8, '5648.30', '45186.40'),
('05-01-2022', 'IN6004', 'Tangerang', 'KLINIK SAHABAT', 'PARACETAMOL', 'SLCYL', 5, '6940.30', '34701.50'),
('05-01-2022', 'IN6158', 'Tangerang', 'KLINIK SAHABAT', 'PARACETAMOL', 'SLCYL', 14, '6940.30', '97164.20'),
('05-02-2022', 'IN6151', 'Bandung', 'APOTEK MERDEKA', 'ACYCLOVIR DUS', 'OGB & PH', 78, '1169.91', '91252.98'),
('05-02-2022', 'IN6143', 'Bandung', 'APOTEK MERDEKA', 'KETOCONAZOLE TABLET 200 MG', 'OGB & PH', 24, '2819.20', '67660.80'),
('05-02-2022', 'IN6223', 'Padang', 'APOTEK SAHABAT', 'TRAMADOL KAPSUL 50 MG', 'VNS', 6, '8700.70', '52204.20'),
('05-02-2022', 'IN6105', 'Bekasi', 'APOTEK SINAR JAYA', 'ACYCLOVIR DUS', 'OGB & PH', 21, '1169.91', '24568.11'),
('05-02-2022', 'IN6007', 'Bekasi', 'APOTEK SINAR JAYA', 'KETOCONAZOLE TABLET 200 MG', 'OGB & PH', 9, '2819.20', '25372.80'),
('05-02-2022', 'IN6094', 'Aceh', 'APOTEK TAPAK', 'ACYCLOVIR DUS', 'OGB & PH', 67, '1169.91', '78383.97'),
('05-02-2022', 'IN6178', 'Aceh', 'APOTEK TAPAK', 'KETOCONAZOLE TABLET 200 MG', 'OGB & PH', 18, '2819.20', '50745.60'),
('05-02-2022', 'IN6312', 'Aceh', 'APOTEK TAPAK', 'KETOCONAZOLE TABLET 200 MG', 'OGB & PH', 34, '2819.20', '95852.80'),
('05-03-2022', 'IN6294', 'Kuningan', 'APOTEK MAJA', 'ALERGINE TABLET SALUT', 'ETIKAL', 98, '2337.50', '229075.00'),
('05-03-2022', 'IN6270', 'Kuningan', 'APOTEK MAJA', 'ERGOTAMINE COFFEINE', 'ETIKAL', 19, '4592.10', '87249.90'),
('05-03-2022', 'IN6112', 'Kuningan', 'APOTEK MAJA', 'ERGOTAMINE COFFEINE', 'ETIKAL', 34, '4592.10', '156131.40'),
('05-03-2022', 'IN6213', 'Padang', 'APOTEK SAHABAT', 'ALERGINE TABLET SALUT', 'ETIKAL', 22, '2337.50', '51425.00'),
('05-03-2022', 'IN6115', 'Padang', 'APOTEK SAHABAT', 'ERGOTAMINE COFFEINE', 'ETIKAL', 10, '4592.10', '45921.00'),
('05-03-2022', 'IN6273', 'Lampung', 'KLINIK DR. ANDRI', 'KLORPROMAZINA TABLET SALUT SELAPUT 100 MG', 'SLCYL', 79, '5648.30', '446215.70'),
('05-03-2022', 'IN5990', 'Tangerang', 'KLINIK SAHABAT', 'ACYCLOVIR DUS', 'ETIKAL', 10, '4592.10', '45921.00'),
('05-03-2022', 'IN6037', 'Tangerang', 'KLINIK SAHABAT', 'ALERGINE TABLET SALUT', 'ETIKAL', 45, '2337.50', '105187.50'),
('05-13-2022', 'IN6168', 'Jakarta', 'KLINIK GM', 'KLORPROMAZINA TABLET SALUT SELAPUT 100 MG', 'SLCYL', 24, '5648.30', '135559.20'),
('05-14-2022', 'IN6192', 'Bandung', 'APOTEK MERDEKA', 'KETOCONAZOLE TABLET 200 MG', 'OGB & PH', 10, '2819.20', '28192.00'),
('05-15-2022', 'IN6285', 'Tangerang', 'KLINIK SAHABAT', 'ACYCLOVIR DUS', 'ETIKAL', 130, '4592.10', '596973.00'),
('05-16-2022', 'IN6077', 'Bekasi', 'APOTEK SINAR JAYA', 'ALERGINE TABLET SALUT', 'MARCKS', 12, '3991.90', '47902.80'),
('05-17-2022', 'IN6057', 'Padang', 'APOTEK SAHABAT', 'AMPICILLIN', 'VNS', 10, '5780.70', '57807.00'),
('05-18-2022', 'IN6252', 'Lampung', 'KLINIK DR. ANDRI', 'TRAMADOL KAPSUL 50 MG', 'SLCYL', 67, '6940.30', '465000.10'),
('05-19-2022', 'IN6272', 'Aceh', 'APOTEK TAPAK', 'ACYCLOVIR DUS', 'OGB & PH', 98, '1169.91', '114651.18'),
('05-19-2022', 'IN6283', 'Lampung', 'KLINIK DR. ANDRI', 'KLORPROMAZINA TABLET SALUT SELAPUT 100 MG', 'SLCYL', 10, '5648.30', '56483.00'),
('05-20-2022', 'IN6150', 'Kuningan', 'APOTEK MAJA', 'ALERGINE TABLET SALUT', 'ETIKAL', 5, '2337.50', '11687.50'),
('05-20-2022', 'IN6169', 'Aceh', 'APOTEK TAPAK', 'KETOCONAZOLE TABLET 200 MG', 'OGB & PH', 67, '2819.20', '188886.40'),
('05-21-2022', 'IN6121', 'Kuningan', 'APOTEK MAJA', 'ERGOTAMINE COFFEINE', 'ETIKAL', 98, '4592.10', '450025.80'),
('05-21-2022', 'IN6298', 'Jakarta', 'KLINIK GM', 'AMPICILLIN', 'MARCKS', 4, '9999.99', '39999.96'),
('05-22-2022', 'IN6295', 'Bandung', 'APOTEK MERDEKA', 'TRAMADOL KAPSUL 50 MG', 'VNS', 8, '8700.70', '69605.60'),
('05-22-2022', 'IN6117', 'Jakarta', 'KLINIK GM', 'TETRACYCLINE KAPSUL 250 MG', 'MARCKS', 5, '3991.90', '19959.50'),
('05-23-2022', 'IN6201', 'Bandung', 'APOTEK MERDEKA', 'AMBROXOL HC', 'VNS', 4, '5780.70', '23122.80'),
('05-23-2022', 'IN6022', 'Tangerang', 'KLINIK SAHABAT', 'KLORPROMAZINA TABLET SALUT SELAPUT 100 MG', 'SLCYL', 9, '5648.30', '50834.70'),
('05-24-2022', 'IN6090', 'Bekasi', 'APOTEK SINAR JAYA', 'KETOCONAZOLE TABLET 200 MG', 'OGB & PH', 21, '2819.20', '59203.20'),
('05-24-2022', 'IN6179', 'Tangerang', 'KLINIK SAHABAT', 'PARACETAMOL', 'SLCYL', 8, '6940.30', '55522.40'),
('05-25-2022', 'IN5996', 'Padang', 'APOTEK SAHABAT', 'ERGOTAMINE COFFEINE', 'ETIKAL', 22, '4592.10', '101026.20'),
('05-25-2022', 'IN5978', 'Bekasi', 'APOTEK SINAR JAYA', 'ACYCLOVIR DUS', 'OGB & PH', 9, '1169.91', '10529.19'),
('05-26-2022', 'IN5993', 'Padang', 'APOTEK SAHABAT', 'ALERGINE TABLET SALUT', 'ETIKAL', 1, '2337.50', '2337.50'),
('05-26-2022', 'IN6111', 'Aceh', 'APOTEK TAPAK', 'TETRACYCLINE KAPSUL 250 MG', 'MARCKS', 12, '3991.90', '47902.80'),
('05-27-2022', 'IN6160', 'Aceh', 'APOTEK TAPAK', 'AMPICILLIN', 'MARCKS', 5, '9999.99', '49999.95'),
('05-28-2022', 'IN6282', 'Kuningan', 'APOTEK MAJA', 'TRAMADOL KAPSUL 50 MG', 'VNS', 9, '8700.70', '78306.30'),
('05-29-2022', 'IN6093', 'Jakarta', 'KLINIK GM', 'KLORPROMAZINA TABLET SALUT SELAPUT 100 MG', 'SLCYL', 13, '5648.30', '73427.90'),
('05-30-2022', 'IN6166', 'Bandung', 'APOTEK MERDEKA', 'KETOCONAZOLE TABLET 200 MG', 'OGB & PH', 1, '2819.20', '2819.20'),
('05-31-2022', 'IN6010', 'Tangerang', 'KLINIK SAHABAT', 'ACYCLOVIR DUS', 'ETIKAL', 5, '4592.10', '22960.50'),
('06-01-2022', 'IN6100', 'Bekasi', 'APOTEK SINAR JAYA', 'ALERGINE TABLET SALUT', 'MARCKS', 9, '3991.90', '35927.10'),
('06-02-2022', 'IN6222', 'Padang', 'APOTEK SAHABAT', 'AMPICILLIN', 'VNS', 1, '5780.70', '5780.70'),
('06-03-2022', 'IN6032', 'Lampung', 'KLINIK DR. ANDRI', 'TRAMADOL KAPSUL 50 MG', 'SLCYL', 23, '6940.30', '159626.90'),
('06-04-2022', 'IN6198', 'Aceh', 'APOTEK TAPAK', 'ACYCLOVIR DUS', 'OGB & PH', 4, '1169.91', '4679.64'),
('06-05-2022', 'IN6212', 'Kuningan', 'APOTEK MAJA', 'ALERGINE TABLET SALUT', 'ETIKAL', 2, '2337.50', '4675.00'),
('06-06-2022', 'IN6288', 'Jakarta', 'KLINIK GM', 'AMPICILLIN', 'MARCKS', 17, '9999.99', '169999.83'),
('06-07-2022', 'IN6059', 'Bandung', 'APOTEK MERDEKA', 'TRAMADOL KAPSUL 50 MG', 'VNS', 11, '8700.70', '95707.70'),
('06-08-2022', 'IN6236', 'Tangerang', 'KLINIK SAHABAT', 'KLORPROMAZINA TABLET SALUT SELAPUT 100 MG', 'SLCYL', 12, '5648.30', '67779.60'),
('06-09-2022', 'IN6296', 'Bekasi', 'APOTEK SINAR JAYA', 'KETOCONAZOLE TABLET 200 MG', 'OGB & PH', 12, '2819.20', '33830.40'),
('06-10-2022', 'IN6324', 'Padang', 'APOTEK SAHABAT', 'ERGOTAMINE COFFEINE', 'ETIKAL', 25, '4592.10', '114802.50'),
('06-11-2022', 'IN6091', 'Aceh', 'APOTEK TAPAK', 'TETRACYCLINE KAPSUL 250 MG', 'MARCKS', 14, '3991.90', '55886.60'),
('06-12-2022', 'IN6033', 'Kuningan', 'APOTEK MAJA', 'AMBROXOL HC', 'VNS', 34, '5780.70', '196543.80'),
('06-13-2022', 'IN6159', 'Jakarta', 'KLINIK GM', 'PARACETAMOL', 'SLCYL', 67, '6940.30', '465000.10'),
('06-14-2022', 'IN6264', 'Bandung', 'APOTEK MERDEKA', 'ACYCLOVIR DUS', 'OGB & PH', 15, '1169.91', '17548.65'),
('06-15-2022', 'IN6046', 'Tangerang', 'KLINIK SAHABAT', 'ALERGINE TABLET SALUT', 'ETIKAL', 12, '2337.50', '28050.00'),
('06-16-2022', 'IN5992', 'Bekasi', 'APOTEK SINAR JAYA', 'ALERGINE TABLET SALUT', 'MARCKS', 23, '3991.90', '91813.70'),
('06-16-2022', 'IN6268', 'Bekasi', 'APOTEK SINAR JAYA', 'AMPICILLIN', 'MARCKS', 25, '9999.99', '249999.75'),
('06-16-2022', 'IN6165', 'Bekasi', 'APOTEK SINAR JAYA', 'AMPICILLIN', 'MARCKS', 34, '9999.99', '339999.66'),
('06-16-2022', 'IN6109', 'Aceh', 'APOTEK TAPAK', 'AMPICILLIN', 'MARCKS', 12, '9999.99', '119999.88'),
('06-16-2022', 'IN6000', 'Aceh', 'APOTEK TAPAK', 'TETRACYCLINE KAPSUL 250 MG', 'MARCKS', 7, '3991.90', '27943.30'),
('06-16-2022', 'IN6012', 'Jakarta', 'KLINIK GM', 'AMPICILLIN', 'MARCKS', 5, '9999.99', '49999.95'),
('06-16-2022', 'IN6123', 'Jakarta', 'KLINIK GM', 'TETRACYCLINE KAPSUL 250 MG', 'MARCKS', 12, '3991.90', '47902.80'),
('06-16-2022', 'IN6204', 'Jakarta', 'KLINIK GM', 'TETRACYCLINE KAPSUL 250 MG', 'MARCKS', 34, '3991.90', '135724.60');

-- --------------------------------------------------------

--
-- Struktur dari tabel `barang`
--

CREATE TABLE `barang` (
  `kode_barang` varchar(45) NOT NULL,
  `sektor` varchar(45) DEFAULT NULL,
  `nama_barang` varchar(45) DEFAULT NULL,
  `tipe` varchar(45) DEFAULT NULL,
  `nama_tipe` varchar(45) DEFAULT NULL,
  `kode_lini` int(45) DEFAULT NULL,
  `lini` varchar(45) DEFAULT NULL,
  `kemasan` varchar(45) DEFAULT NULL
) ENGINE=InnoDB DEFAULT CHARSET=utf8;

--
-- Dumping data untuk tabel `barang`
--

INSERT INTO `barang` (`kode_barang`, `sektor`, `nama_barang`, `tipe`, `nama_tipe`, `kode_lini`, `lini`, `kemasan`) VALUES
('BRG0001', 'P', 'ACYCLOVIR DUS', 'ZPJ1', 'Produk jadi', 206, 'OGB & PH', 'DUS'),
('BRG0002', 'P', 'ALERGINE TABLET SALUT', 'ZPJ1', 'Produk jadi', 203, 'ETIKAL', 'DUS'),
('BRG0003', 'P', 'AMPICILLIN', 'ZPJ1', 'Produk jadi', 210, 'MARCKS', 'BOTOL'),
('BRG0004', 'P', 'TRAMADOL KAPSUL 50 MG', 'ZPJ1', 'Produk jadi', 201, 'VNS', 'KAPSUL'),
('BRG0005', 'P', 'KLORPROMAZINA TABLET SALUT SELAPUT 100 MG', 'ZPJ1', 'Produk jadi', 203, 'SLCYL', 'TABLET'),
('BRG0006', 'P', 'KETOCONAZOLE TABLET 200 MG', 'ZPJ1', 'Produk jadi', 205, 'OGB & PH', 'TABLET'),
('BRG0007', 'P', 'ERGOTAMINE COFFEINE', 'ZPJ1', 'Produk jadi', 206, 'ETIKAL', 'BOTOL'),
('BRG0008', 'P', 'TETRACYCLINE KAPSUL 250 MG', 'ZPJ1', 'Produk jadi', 204, 'MARCKS', 'KAPSUL'),
('BRG0009', 'P', 'AMBROXOL HC', 'ZPJ1', 'Produk jadi', 207, 'VNS', 'BOTOL'),
('BRG0010', 'P', 'PARACETAMOL', 'ZPJ1', 'Produk jadi', 208, 'SLCYL', 'BOTOL');

-- --------------------------------------------------------

--
-- Struktur dari tabel `base_table`
--

CREATE TABLE `base_table` (
  `id_invoice` varchar(6) CHARACTER SET utf8 NOT NULL,
  `tanggal` varchar(10) CHARACTER SET utf8 DEFAULT NULL,
  `id_customer` varchar(9) CHARACTER SET utf8 DEFAULT NULL,
  `nama` varchar(45) CHARACTER SET utf8 DEFAULT NULL,
  `id_distributor` varchar(3) CHARACTER SET utf8 DEFAULT NULL,
  `id_cabang` varchar(5) CHARACTER SET utf8 DEFAULT NULL,
  `cabang_sales` varchar(45) CHARACTER SET utf8 DEFAULT NULL,
  `id_group` varchar(45) CHARACTER SET utf8 DEFAULT NULL,
  `group` varchar(45) CHARACTER SET utf8 DEFAULT NULL,
  `id_barang` varchar(7) CHARACTER SET utf8 DEFAULT NULL,
  `nama_barang` varchar(45) CHARACTER SET utf8 DEFAULT NULL,
  `brand_id` varchar(7) CHARACTER SET utf8 DEFAULT NULL,
  `kode_lini` int(45) DEFAULT NULL,
  `lini` varchar(8) CHARACTER SET utf8 DEFAULT NULL,
  `kemasan` varchar(45) CHARACTER SET utf8 DEFAULT NULL,
  `jumlah_barang` int(3) DEFAULT NULL,
  `harga` decimal(6,2) DEFAULT NULL,
  `mata_uang` varchar(3) CHARACTER SET utf8 DEFAULT NULL
) ENGINE=InnoDB DEFAULT CHARSET=latin1;

--
-- Dumping data untuk tabel `base_table`
--

INSERT INTO `base_table` (`id_invoice`, `tanggal`, `id_customer`, `nama`, `id_distributor`, `id_cabang`, `cabang_sales`, `id_group`, `group`, `id_barang`, `nama_barang`, `brand_id`, `kode_lini`, `lini`, `kemasan`, `jumlah_barang`, `harga`, `mata_uang`) VALUES
('IN5978', '05-25-2022', 'CUST55670', 'APOTEK SINAR JAYA', 'TD', 'CAB09', 'Bekasi', 'Z32', 'Apotek', 'BRG0001', 'ACYCLOVIR DUS', 'BRND001', 206, 'OGB & PH', 'DUS', 9, '1169.91', 'IDR'),
('IN5979', '03-28-2022', 'CUST55598', 'APOTEK MAJA', 'TA', 'CAB01', 'Kuningan', 'Z32', 'Apotek', 'BRG0009', 'AMBROXOL HC', 'BRND009', 207, 'VNS', 'BOTOL', 18, '5780.70', 'IDR'),
('IN5980', '01-23-2022', 'CUST55432', 'APOTEK TAPAK', 'TA', 'CAB01', 'Aceh', 'Z32', 'Apotek', 'BRG0003', 'AMPICILLIN', 'BRND003', 210, 'MARCKS', 'BOTOL', 20, '9999.99', 'IDR'),
('IN5981', '01-28-2022', 'CUST55443', 'APOTEK MERDEKA', 'EPM', 'CAB07', 'Bandung', 'Z32', 'Apotek', 'BRG0004', 'TRAMADOL KAPSUL 50 MG', 'BRND004', 201, 'VNS', 'KAPSUL', 76, '8700.70', 'IDR'),
('IN5982', '01-30-2022', 'CUST55535', 'APOTEK SINAR JAYA', 'TD', 'CAB09', 'Bekasi', 'Z32', 'Apotek', 'BRG0006', 'KETOCONAZOLE TABLET 200 MG', 'BRND006', 205, 'OGB & PH', 'TABLET', 5, '2819.20', 'IDR'),
('IN5983', '04-21-2022', 'CUST55622', 'KLINIK GM', 'EPM', 'CAB06', 'Jakarta', 'Z31', 'Klinik', 'BRG0003', 'AMPICILLIN', 'BRND003', 210, 'MARCKS', 'BOTOL', 67, '9999.99', 'IDR'),
('IN5984', '05-01-2022', 'CUST55714', 'KLINIK SAHABAT', 'TD', 'CAB08', 'Tangerang', 'Z31', 'Klinik', 'BRG0005', 'KLORPROMAZINA TABLET SALUT SELAPUT 100 MG', 'BRND005', 203, 'SLCYL', 'TABLET', 8, '5648.30', 'IDR'),
('IN5985', '04-18-2022', 'CUST55640', 'APOTEK SINAR JAYA', 'TD', 'CAB09', 'Bekasi', 'Z32', 'Apotek', 'BRG0001', 'ACYCLOVIR DUS', 'BRND001', 206, 'OGB & PH', 'DUS', 22, '1169.91', 'IDR'),
('IN5986', '02-15-2022', 'CUST55557', 'APOTEK SINAR JAYA', 'TA', 'CAB01', 'Bekasi', 'Z32', 'Apotek', 'BRG0002', 'ALERGINE TABLET SALUT', 'BRND008', 203, 'MARCKS', 'DUS', 9, '3991.90', 'IDR'),
('IN5987', '04-19-2022', 'CUST55659', 'KLINIK GM', 'EPM', 'CAB02', 'Jakarta', 'Z31', 'Klinik', 'BRG0010', 'PARACETAMOL', 'BRND010', 208, 'SLCYL', 'BOTOL', 14, '6940.30', 'IDR'),
('IN5988', '02-09-2022', 'CUST55551', 'APOTEK SAHABAT', 'EPM', 'CAB10', 'Padang', 'Z32', 'Apotek', 'BRG0002', 'ALERGINE TABLET SALUT', 'BRND002', 203, 'ETIKAL', 'DUS', 10, '2337.50', 'IDR'),
('IN5989', '05-01-2022', 'CUST55719', 'KLINIK GM', 'TA', 'CAB02', 'Jakarta', 'Z31', 'Klinik', 'BRG0010', 'PARACETAMOL', 'BRND010', 208, 'SLCYL', 'BOTOL', 67, '6940.30', 'IDR'),
('IN5990', '05-03-2022', 'CUST55706', 'KLINIK SAHABAT', 'TA', 'CAB01', 'Tangerang', 'Z31', 'Klinik', 'BRG0001', 'ACYCLOVIR DUS', 'BRND007', 206, 'ETIKAL', 'DUS', 10, '4592.10', 'IDR'),
('IN5991', '01-23-2022', 'CUST55414', 'KLINIK SAHABAT', 'TD', 'CAB08', 'Tangerang', 'Z31', 'Klinik', 'BRG0005', 'KLORPROMAZINA TABLET SALUT SELAPUT 100 MG', 'BRND005', 203, 'SLCYL', 'TABLET', 24, '5648.30', 'IDR'),
('IN5992', '06-16-2022', 'CUST55707', 'APOTEK SINAR JAYA', 'EPM', 'CAB01', 'Bekasi', 'Z32', 'Apotek', 'BRG0002', 'ALERGINE TABLET SALUT', 'BRND008', 203, 'MARCKS', 'DUS', 23, '3991.90', 'IDR'),
('IN5993', '05-26-2022', 'CUST55671', 'APOTEK SAHABAT', 'TD', 'CAB10', 'Padang', 'Z32', 'Apotek', 'BRG0002', 'ALERGINE TABLET SALUT', 'BRND002', 203, 'ETIKAL', 'DUS', 1, '2337.50', 'IDR'),
('IN5994', '02-01-2022', 'CUST55411', 'APOTEK MAJA', 'TD', 'CAB05', 'Kuningan', 'Z32', 'Apotek', 'BRG0002', 'ALERGINE TABLET SALUT', 'BRND002', 203, 'ETIKAL', 'DUS', 12, '2337.50', 'IDR'),
('IN5995', '04-06-2022', 'CUST55607', 'KLINIK GM', 'TD', 'CAB06', 'Jakarta', 'Z31', 'Klinik', 'BRG0008', 'TETRACYCLINE KAPSUL 250 MG', 'BRND008', 204, 'MARCKS', 'KAPSUL', 14, '3991.90', 'IDR'),
('IN5996', '05-25-2022', 'CUST55656', 'APOTEK SAHABAT', 'EPM', 'CAB10', 'Padang', 'Z32', 'Apotek', 'BRG0007', 'ERGOTAMINE COFFEINE', 'BRND007', 206, 'ETIKAL', 'BOTOL', 22, '4592.10', 'IDR'),
('IN5997', '01-20-2022', 'CUST55380', 'APOTEK TAPAK', 'TD', 'CAB01', 'Aceh', 'Z32', 'Apotek', 'BRG0001', 'ACYCLOVIR DUS', 'BRND001', 206, 'OGB & PH', 'DUS', 1, '1169.91', 'IDR'),
('IN5998', '04-09-2022', 'CUST55610', 'APOTEK SINAR JAYA', 'TD', 'CAB09', 'Bekasi', 'Z32', 'Apotek', 'BRG0001', 'ACYCLOVIR DUS', 'BRND001', 206, 'OGB & PH', 'DUS', 23, '1169.91', 'IDR'),
('IN5999', '05-01-2022', 'CUST55632', 'APOTEK SINAR JAYA', 'EPM', 'CAB01', 'Bekasi', 'Z32', 'Apotek', 'BRG0003', 'AMPICILLIN', 'BRND003', 210, 'MARCKS', 'BOTOL', 5, '9999.99', 'IDR'),
('IN6000', '06-16-2022', 'CUST55717', 'APOTEK TAPAK', 'EPM', 'CAB01', 'Aceh', 'Z32', 'Apotek', 'BRG0008', 'TETRACYCLINE KAPSUL 250 MG', 'BRND008', 204, 'MARCKS', 'KAPSUL', 7, '3991.90', 'IDR'),
('IN6001', '04-02-2022', 'CUST55603', 'APOTEK SAHABAT', 'TD', 'CAB02', 'Padang', 'Z32', 'Apotek', 'BRG0004', 'TRAMADOL KAPSUL 50 MG', 'BRND004', 201, 'VNS', 'KAPSUL', 21, '8700.70', 'IDR'),
('IN6002', '02-04-2022', 'CUST55546', 'APOTEK MAJA', 'TD', 'CAB05', 'Kuningan', 'Z32', 'Apotek', 'BRG0007', 'ERGOTAMINE COFFEINE', 'BRND007', 206, 'ETIKAL', 'BOTOL', 14, '4592.10', 'IDR'),
('IN6003', '01-27-2022', 'CUST55424', 'KLINIK DR. ANDRI', 'TD', 'CAB03', 'Lampung', 'Z31', 'Klinik', 'BRG0005', 'KLORPROMAZINA TABLET SALUT SELAPUT 100 MG', 'BRND005', 203, 'SLCYL', 'TABLET', 9, '5648.30', 'IDR'),
('IN6004', '05-01-2022', 'CUST55729', 'KLINIK SAHABAT', 'TA', 'CAB08', 'Tangerang', 'Z31', 'Klinik', 'BRG0010', 'PARACETAMOL', 'BRND010', 208, 'SLCYL', 'BOTOL', 5, '6940.30', 'IDR'),
('IN6005', '02-01-2022', 'CUST55447', 'APOTEK TAPAK', 'EPM', 'CAB01', 'Aceh', 'Z32', 'Apotek', 'BRG0008', 'TETRACYCLINE KAPSUL 250 MG', 'BRND008', 204, 'MARCKS', 'KAPSUL', 12, '3991.90', 'IDR'),
('IN6006', '02-12-2022', 'CUST55554', 'KLINIK GM', 'TA', 'CAB02', 'Jakarta', 'Z31', 'Klinik', 'BRG0005', 'KLORPROMAZINA TABLET SALUT SELAPUT 100 MG', 'BRND005', 203, 'SLCYL', 'TABLET', 5, '5648.30', 'IDR'),
('IN6007', '05-02-2022', 'CUST55715', 'APOTEK SINAR JAYA', 'TD', 'CAB09', 'Bekasi', 'Z32', 'Apotek', 'BRG0006', 'KETOCONAZOLE TABLET 200 MG', 'BRND006', 205, 'OGB & PH', 'TABLET', 9, '2819.20', 'IDR'),
('IN6008', '01-30-2022', 'CUST55469', 'KLINIK DR. ANDRI', 'TA', 'CAB03', 'Lampung', 'Z31', 'Klinik', 'BRG0004', 'TRAMADOL KAPSUL 50 MG', 'BRND010', 201, 'SLCYL', 'KAPSUL', 12, '6940.30', 'IDR'),
('IN6009', '04-28-2022', 'CUST55637', 'KLINIK GM', 'TD', 'CAB06', 'Jakarta', 'Z31', 'Klinik', 'BRG0008', 'TETRACYCLINE KAPSUL 250 MG', 'BRND008', 204, 'MARCKS', 'KAPSUL', 76, '3991.90', 'IDR'),
('IN6010', '05-31-2022', 'CUST55676', 'KLINIK SAHABAT', 'EPM', 'CAB01', 'Tangerang', 'Z31', 'Klinik', 'BRG0001', 'ACYCLOVIR DUS', 'BRND007', 206, 'ETIKAL', 'DUS', 5, '4592.10', 'IDR'),
('IN6011', '02-25-2022', 'CUST55567', 'APOTEK TAPAK', 'TA', 'CAB01', 'Aceh', 'Z32', 'Apotek', 'BRG0008', 'TETRACYCLINE KAPSUL 250 MG', 'BRND008', 204, 'MARCKS', 'KAPSUL', 10, '3991.90', 'IDR'),
('IN6012', '06-16-2022', 'CUST55712', 'KLINIK GM', 'TA', 'CAB06', 'Jakarta', 'Z31', 'Klinik', 'BRG0003', 'AMPICILLIN', 'BRND003', 210, 'MARCKS', 'BOTOL', 5, '9999.99', 'IDR'),
('IN6013', '01-28-2022', 'CUST55407', 'APOTEK SINAR JAYA', 'TD', 'CAB01', 'Bekasi', 'Z32', 'Apotek', 'BRG0002', 'ALERGINE TABLET SALUT', 'BRND008', 203, 'MARCKS', 'DUS', 25, '3991.90', 'IDR'),
('IN6014', '03-21-2022', 'CUST55591', 'APOTEK MAJA', 'TA', 'CAB05', 'Kuningan', 'Z32', 'Apotek', 'BRG0002', 'ALERGINE TABLET SALUT', 'BRND002', 203, 'ETIKAL', 'DUS', 34, '2337.50', 'IDR'),
('IN6015', '01-31-2022', 'CUST55482', 'APOTEK SINAR JAYA', 'TD', 'CAB01', 'Bekasi', 'Z32', 'Apotek', 'BRG0003', 'AMPICILLIN', 'BRND003', 210, 'MARCKS', 'BOTOL', 5, '9999.99', 'IDR'),
('IN6016', '03-09-2022', 'CUST55579', 'KLINIK SAHABAT', 'TD', 'CAB08', 'Tangerang', 'Z31', 'Klinik', 'BRG0010', 'PARACETAMOL', 'BRND010', 208, 'SLCYL', 'BOTOL', 5, '6940.30', 'IDR'),
('IN6017', '02-01-2022', 'CUST55513', 'APOTEK SAHABAT', 'TA', 'CAB02', 'Padang', 'Z32', 'Apotek', 'BRG0004', 'TRAMADOL KAPSUL 50 MG', 'BRND004', 201, 'VNS', 'KAPSUL', 23, '8700.70', 'IDR'),
('IN6018', '04-01-2022', 'CUST55602', 'APOTEK SINAR JAYA', 'EPM', 'CAB01', 'Bekasi', 'Z32', 'Apotek', 'BRG0003', 'AMPICILLIN', 'BRND003', 210, 'MARCKS', 'BOTOL', 14, '9999.99', 'IDR'),
('IN6019', '04-20-2022', 'CUST55663', 'APOTEK SAHABAT', 'EPM', 'CAB02', 'Padang', 'Z32', 'Apotek', 'BRG0004', 'TRAMADOL KAPSUL 50 MG', 'BRND004', 201, 'VNS', 'KAPSUL', 12, '8700.70', 'IDR'),
('IN6020', '03-11-2022', 'CUST55581', 'APOTEK SAHABAT', 'TA', 'CAB10', 'Padang', 'Z32', 'Apotek', 'BRG0002', 'ALERGINE TABLET SALUT', 'BRND002', 203, 'ETIKAL', 'DUS', 1, '2337.50', 'IDR'),
('IN6021', '04-19-2022', 'CUST55620', 'APOTEK TAPAK', 'TD', 'CAB04', 'Aceh', 'Z32', 'Apotek', 'BRG0001', 'ACYCLOVIR DUS', 'BRND001', 206, 'OGB & PH', 'DUS', 7, '1169.91', 'IDR'),
('IN6022', '05-23-2022', 'CUST55654', 'KLINIK SAHABAT', 'TD', 'CAB08', 'Tangerang', 'Z31', 'Klinik', 'BRG0005', 'KLORPROMAZINA TABLET SALUT SELAPUT 100 MG', 'BRND005', 203, 'SLCYL', 'TABLET', 9, '5648.30', 'IDR'),
('IN6023', '02-01-2022', 'CUST55399', 'KLINIK SAHABAT', 'EPM', 'CAB08', 'Tangerang', 'Z31', 'Klinik', 'BRG0010', 'PARACETAMOL', 'BRND010', 208, 'SLCYL', 'BOTOL', 15, '6940.30', 'IDR'),
('IN6024', '01-27-2022', 'CUST55394', 'KLINIK DR. ANDRI', 'TD', 'CAB03', 'Lampung', 'Z31', 'Klinik', 'BRG0005', 'KLORPROMAZINA TABLET SALUT SELAPUT 100 MG', 'BRND005', 203, 'SLCYL', 'TABLET', 12, '5648.30', 'IDR'),
('IN6025', '01-30-2022', 'CUST55523', 'APOTEK MAJA', 'TA', 'CAB01', 'Kuningan', 'Z32', 'Apotek', 'BRG0004', 'TRAMADOL KAPSUL 50 MG', 'BRND004', 201, 'VNS', 'KAPSUL', 7, '8700.70', 'IDR'),
('IN6026', '02-16-2022', 'CUST55558', 'APOTEK SAHABAT', 'EPM', 'CAB02', 'Padang', 'Z32', 'Apotek', 'BRG0003', 'AMPICILLIN', 'BRND009', 210, 'VNS', 'BOTOL', 21, '5780.70', 'IDR'),
('IN6027', '04-11-2022', 'CUST55612', 'APOTEK TAPAK', 'EPM', 'CAB01', 'Aceh', 'Z32', 'Apotek', 'BRG0003', 'AMPICILLIN', 'BRND003', 210, 'MARCKS', 'BOTOL', 10, '9999.99', 'IDR'),
('IN6028', '01-23-2022', 'CUST55420', 'APOTEK MERDEKA', 'EPM', 'CAB03', 'Bandung', 'Z32', 'Apotek', 'BRG0001', 'ACYCLOVIR DUS', 'BRND001', 206, 'OGB & PH', 'DUS', 98, '1169.91', 'IDR'),
('IN6029', '01-28-2022', 'CUST55389', 'KLINIK GM', 'EPM', 'CAB09', 'Jakarta', 'Z31', 'Klinik', 'BRG0010', 'PARACETAMOL', 'BRND010', 208, 'SLCYL', 'BOTOL', 4, '6940.30', 'IDR'),
('IN6030', '05-01-2022', 'CUST55709', 'KLINIK DR. ANDRI', 'TA', 'CAB03', 'Lampung', 'Z31', 'Klinik', 'BRG0004', 'TRAMADOL KAPSUL 50 MG', 'BRND010', 201, 'SLCYL', 'KAPSUL', 10, '6940.30', 'IDR'),
('IN6031', '04-15-2022', 'CUST55616', 'KLINIK SAHABAT', 'TD', 'CAB01', 'Tangerang', 'Z31', 'Klinik', 'BRG0001', 'ACYCLOVIR DUS', 'BRND007', 206, 'ETIKAL', 'DUS', 4, '4592.10', 'IDR'),
('IN6032', '06-03-2022', 'CUST55679', 'KLINIK DR. ANDRI', 'TA', 'CAB03', 'Lampung', 'Z31', 'Klinik', 'BRG0004', 'TRAMADOL KAPSUL 50 MG', 'BRND010', 201, 'SLCYL', 'KAPSUL', 23, '6940.30', 'IDR'),
('IN6033', '06-12-2022', 'CUST55688', 'APOTEK MAJA', 'TD', 'CAB01', 'Kuningan', 'Z32', 'Apotek', 'BRG0009', 'AMBROXOL HC', 'BRND009', 207, 'VNS', 'BOTOL', 34, '5780.70', 'IDR'),
('IN6034', '02-20-2022', 'CUST55562', 'KLINIK GM', 'TD', 'CAB06', 'Jakarta', 'Z31', 'Klinik', 'BRG0003', 'AMPICILLIN', 'BRND003', 210, 'MARCKS', 'BOTOL', 14, '9999.99', 'IDR'),
('IN6035', '04-25-2022', 'CUST55626', 'APOTEK SAHABAT', 'EPM', 'CAB10', 'Padang', 'Z32', 'Apotek', 'BRG0007', 'ERGOTAMINE COFFEINE', 'BRND007', 206, 'ETIKAL', 'BOTOL', 20, '4592.10', 'IDR'),
('IN6036', '01-27-2022', 'CUST55388', 'APOTEK MAJA', 'TA', 'CAB08', 'Kuningan', 'Z32', 'Apotek', 'BRG0009', 'AMBROXOL HC', 'BRND009', 207, 'VNS', 'BOTOL', 23, '5780.70', 'IDR'),
('IN6037', '05-03-2022', 'CUST55721', 'KLINIK SAHABAT', 'TD', 'CAB01', 'Tangerang', 'Z31', 'Klinik', 'BRG0002', 'ALERGINE TABLET SALUT', 'BRND002', 203, 'ETIKAL', 'DUS', 45, '2337.50', 'IDR'),
('IN6038', '01-30-2022', 'CUST55517', 'KLINIK GM', 'TA', 'CAB06', 'Jakarta', 'Z31', 'Klinik', 'BRG0008', 'TETRACYCLINE KAPSUL 250 MG', 'BRND008', 204, 'MARCKS', 'KAPSUL', 98, '3991.90', 'IDR'),
('IN6039', '01-23-2022', 'CUST55480', 'APOTEK MERDEKA', 'EPM', 'CAB03', 'Bandung', 'Z32', 'Apotek', 'BRG0001', 'ACYCLOVIR DUS', 'BRND001', 206, 'OGB & PH', 'DUS', 13, '1169.91', 'IDR'),
('IN6040', '01-31-2022', 'CUST55470', 'APOTEK TAPAK', 'EPM', 'CAB04', 'Aceh', 'Z32', 'Apotek', 'BRG0001', 'ACYCLOVIR DUS', 'BRND001', 206, 'OGB & PH', 'DUS', 10, '1169.91', 'IDR'),
('IN6041', '02-28-2022', 'CUST55570', 'APOTEK MERDEKA', 'TD', 'CAB03', 'Bandung', 'Z32', 'Apotek', 'BRG0001', 'ACYCLOVIR DUS', 'BRND001', 206, 'OGB & PH', 'DUS', 5, '1169.91', 'IDR'),
('IN6042', '01-31-2022', 'CUST55428', 'APOTEK MERDEKA', 'TD', 'CAB07', 'Bandung', 'Z32', 'Apotek', 'BRG0009', 'AMBROXOL HC', 'BRND009', 207, 'VNS', 'BOTOL', 67, '5780.70', 'IDR'),
('IN6043', '03-10-2022', 'CUST55580', 'APOTEK SINAR JAYA', 'TD', 'CAB09', 'Bekasi', 'Z32', 'Apotek', 'BRG0001', 'ACYCLOVIR DUS', 'BRND001', 206, 'OGB & PH', 'DUS', 9, '1169.91', 'IDR'),
('IN6044', '05-01-2022', 'CUST55694', 'KLINIK DR. ANDRI', 'TD', 'CAB03', 'Lampung', 'Z31', 'Klinik', 'BRG0005', 'KLORPROMAZINA TABLET SALUT SELAPUT 100 MG', 'BRND005', 203, 'SLCYL', 'TABLET', 18, '5648.30', 'IDR'),
('IN6045', '01-31-2022', 'CUST55506', 'APOTEK SAHABAT', 'TA', 'CAB10', 'Padang', 'Z32', 'Apotek', 'BRG0007', 'ERGOTAMINE COFFEINE', 'BRND007', 206, 'ETIKAL', 'BOTOL', 21, '4592.10', 'IDR'),
('IN6046', '06-15-2022', 'CUST55691', 'KLINIK SAHABAT', 'TD', 'CAB01', 'Tangerang', 'Z31', 'Klinik', 'BRG0002', 'ALERGINE TABLET SALUT', 'BRND002', 203, 'ETIKAL', 'DUS', 12, '2337.50', 'IDR'),
('IN6047', '04-26-2022', 'CUST55635', 'APOTEK TAPAK', 'TA', 'CAB04', 'Aceh', 'Z32', 'Apotek', 'BRG0006', 'KETOCONAZOLE TABLET 200 MG', 'BRND006', 205, 'OGB & PH', 'TABLET', 12, '2819.20', 'IDR'),
('IN6048', '01-31-2022', 'CUST55464', 'KLINIK GM', 'EPM', 'CAB02', 'Jakarta', 'Z31', 'Klinik', 'BRG0005', 'KLORPROMAZINA TABLET SALUT SELAPUT 100 MG', 'BRND005', 203, 'SLCYL', 'TABLET', 25, '5648.30', 'IDR'),
('IN6049', '01-28-2022', 'CUST55479', 'KLINIK GM', 'TA', 'CAB02', 'Jakarta', 'Z31', 'Klinik', 'BRG0010', 'PARACETAMOL', 'BRND010', 208, 'SLCYL', 'BOTOL', 9, '6940.30', 'IDR'),
('IN6050', '01-31-2022', 'CUST55434', 'KLINIK GM', 'TD', 'CAB02', 'Jakarta', 'Z31', 'Klinik', 'BRG0005', 'KLORPROMAZINA TABLET SALUT SELAPUT 100 MG', 'BRND005', 203, 'SLCYL', 'TABLET', 34, '5648.30', 'IDR'),
('IN6051', '03-23-2022', 'CUST55593', 'APOTEK MERDEKA', 'TD', 'CAB07', 'Bandung', 'Z32', 'Apotek', 'BRG0004', 'TRAMADOL KAPSUL 50 MG', 'BRND004', 201, 'VNS', 'KAPSUL', 15, '8700.70', 'IDR'),
('IN6052', '01-23-2022', 'CUST55385', 'APOTEK SINAR JAYA', 'TA', 'CAB05', 'Bekasi', 'Z32', 'Apotek', 'BRG0006', 'KETOCONAZOLE TABLET 200 MG', 'BRND006', 205, 'OGB & PH', 'TABLET', 5, '2819.20', 'IDR'),
('IN6053', '01-28-2022', 'CUST55437', 'APOTEK SINAR JAYA', 'EPM', 'CAB01', 'Bekasi', 'Z32', 'Apotek', 'BRG0002', 'ALERGINE TABLET SALUT', 'BRND008', 203, 'MARCKS', 'DUS', 44, '3991.90', 'IDR'),
('IN6054', '02-01-2022', 'CUST55435', 'APOTEK MERDEKA', 'TD', 'CAB03', 'Bandung', 'Z32', 'Apotek', 'BRG0006', 'KETOCONAZOLE TABLET 200 MG', 'BRND006', 205, 'OGB & PH', 'TABLET', 34, '2819.20', 'IDR'),
('IN6055', '03-13-2022', 'CUST55583', 'APOTEK MAJA', 'TD', 'CAB01', 'Kuningan', 'Z32', 'Apotek', 'BRG0004', 'TRAMADOL KAPSUL 50 MG', 'BRND004', 201, 'VNS', 'KAPSUL', 4, '8700.70', 'IDR'),
('IN6056', '04-20-2022', 'CUST55621', 'APOTEK MAJA', 'TA', 'CAB05', 'Kuningan', 'Z32', 'Apotek', 'BRG0002', 'ALERGINE TABLET SALUT', 'BRND002', 203, 'ETIKAL', 'DUS', 100, '2337.50', 'IDR'),
('IN6057', '05-17-2022', 'CUST55648', 'APOTEK SAHABAT', 'TA', 'CAB02', 'Padang', 'Z32', 'Apotek', 'BRG0003', 'AMPICILLIN', 'BRND009', 210, 'VNS', 'BOTOL', 10, '5780.70', 'IDR'),
('IN6058', '01-27-2022', 'CUST55532', 'KLINIK GM', 'TD', 'CAB06', 'Jakarta', 'Z31', 'Klinik', 'BRG0003', 'AMPICILLIN', 'BRND003', 210, 'MARCKS', 'BOTOL', 34, '9999.99', 'IDR'),
('IN6059', '06-07-2022', 'CUST55683', 'APOTEK MERDEKA', 'EPM', 'CAB07', 'Bandung', 'Z32', 'Apotek', 'BRG0004', 'TRAMADOL KAPSUL 50 MG', 'BRND004', 201, 'VNS', 'KAPSUL', 11, '8700.70', 'IDR'),
('IN6060', '02-01-2022', 'CUST55543', 'APOTEK SAHABAT', 'TD', 'CAB02', 'Padang', 'Z32', 'Apotek', 'BRG0004', 'TRAMADOL KAPSUL 50 MG', 'BRND004', 201, 'VNS', 'KAPSUL', 22, '8700.70', 'IDR'),
('IN6061', '02-24-2022', 'CUST55566', 'APOTEK SAHABAT', 'TD', 'CAB10', 'Padang', 'Z32', 'Apotek', 'BRG0007', 'ERGOTAMINE COFFEINE', 'BRND007', 206, 'ETIKAL', 'BOTOL', 12, '4592.10', 'IDR'),
('IN6062', '01-27-2022', 'CUST55490', 'APOTEK SINAR JAYA', 'TA', 'CAB09', 'Bekasi', 'Z32', 'Apotek', 'BRG0001', 'ACYCLOVIR DUS', 'BRND001', 206, 'OGB & PH', 'DUS', 12, '1169.91', 'IDR'),
('IN6063', '02-01-2022', 'CUST55417', 'APOTEK TAPAK', 'TD', 'CAB01', 'Aceh', 'Z32', 'Apotek', 'BRG0008', 'TETRACYCLINE KAPSUL 250 MG', 'BRND008', 204, 'MARCKS', 'KAPSUL', 12, '3991.90', 'IDR'),
('IN6064', '01-28-2022', 'CUST55515', 'APOTEK TAPAK', 'TD', 'CAB04', 'Aceh', 'Z32', 'Apotek', 'BRG0006', 'KETOCONAZOLE TABLET 200 MG', 'BRND006', 205, 'OGB & PH', 'TABLET', 10, '2819.20', 'IDR'),
('IN6065', '01-23-2022', 'CUST55474', 'KLINIK SAHABAT', 'EPM', 'CAB08', 'Tangerang', 'Z31', 'Klinik', 'BRG0005', 'KLORPROMAZINA TABLET SALUT SELAPUT 100 MG', 'BRND005', 203, 'SLCYL', 'TABLET', 4, '5648.30', 'IDR'),
('IN6066', '01-27-2022', 'CUST55538', 'APOTEK MAJA', 'EPM', 'CAB01', 'Kuningan', 'Z32', 'Apotek', 'BRG0009', 'AMBROXOL HC', 'BRND009', 207, 'VNS', 'BOTOL', 12, '5780.70', 'IDR'),
('IN6067', '05-01-2022', 'CUST55704', 'KLINIK GM', 'TD', 'CAB02', 'Jakarta', 'Z31', 'Klinik', 'BRG0005', 'KLORPROMAZINA TABLET SALUT SELAPUT 100 MG', 'BRND005', 203, 'SLCYL', 'TABLET', 14, '5648.30', 'IDR'),
('IN6068', '01-31-2022', 'CUST55536', 'APOTEK SAHABAT', 'TD', 'CAB10', 'Padang', 'Z32', 'Apotek', 'BRG0007', 'ERGOTAMINE COFFEINE', 'BRND007', 206, 'ETIKAL', 'BOTOL', 6, '4592.10', 'IDR'),
('IN6069', '03-01-2022', 'CUST55571', 'KLINIK SAHABAT', 'TA', 'CAB01', 'Tangerang', 'Z31', 'Klinik', 'BRG0002', 'ALERGINE TABLET SALUT', 'BRND002', 203, 'ETIKAL', 'DUS', 4, '2337.50', 'IDR'),
('IN6070', '01-28-2022', 'CUST55485', 'APOTEK TAPAK', 'TD', 'CAB04', 'Aceh', 'Z32', 'Apotek', 'BRG0006', 'KETOCONAZOLE TABLET 200 MG', 'BRND006', 205, 'OGB & PH', 'TABLET', 23, '2819.20', 'IDR'),
('IN6071', '04-27-2022', 'CUST55636', 'APOTEK MAJA', 'EPM', 'CAB05', 'Kuningan', 'Z32', 'Apotek', 'BRG0007', 'ERGOTAMINE COFFEINE', 'BRND007', 206, 'ETIKAL', 'BOTOL', 95, '4592.10', 'IDR'),
('IN6072', '02-01-2022', 'CUST55477', 'APOTEK TAPAK', 'EPM', 'CAB01', 'Aceh', 'Z32', 'Apotek', 'BRG0008', 'TETRACYCLINE KAPSUL 250 MG', 'BRND008', 204, 'MARCKS', 'KAPSUL', 1, '3991.90', 'IDR'),
('IN6073', '04-27-2022', 'CUST55628', 'APOTEK MAJA', 'TA', 'CAB01', 'Kuningan', 'Z32', 'Apotek', 'BRG0009', 'AMBROXOL HC', 'BRND009', 207, 'VNS', 'BOTOL', 34, '5780.70', 'IDR'),
('IN6074', '01-27-2022', 'CUST55472', 'KLINIK GM', 'TD', 'CAB06', 'Jakarta', 'Z31', 'Klinik', 'BRG0003', 'AMPICILLIN', 'BRND003', 210, 'MARCKS', 'BOTOL', 98, '9999.99', 'IDR'),
('IN6075', '04-16-2022', 'CUST55638', 'APOTEK MERDEKA', 'TA', 'CAB07', 'Bandung', 'Z32', 'Apotek', 'BRG0009', 'AMBROXOL HC', 'BRND009', 207, 'VNS', 'BOTOL', 48, '5780.70', 'IDR'),
('IN6076', '03-24-2022', 'CUST55594', 'KLINIK SAHABAT', 'TA', 'CAB08', 'Tangerang', 'Z31', 'Klinik', 'BRG0005', 'KLORPROMAZINA TABLET SALUT SELAPUT 100 MG', 'BRND005', 203, 'SLCYL', 'TABLET', 12, '5648.30', 'IDR'),
('IN6077', '05-16-2022', 'CUST55647', 'APOTEK SINAR JAYA', 'TD', 'CAB01', 'Bekasi', 'Z32', 'Apotek', 'BRG0002', 'ALERGINE TABLET SALUT', 'BRND008', 203, 'MARCKS', 'DUS', 12, '3991.90', 'IDR'),
('IN6078', '03-30-2022', 'CUST55600', 'APOTEK MERDEKA', 'TD', 'CAB03', 'Bandung', 'Z32', 'Apotek', 'BRG0001', 'ACYCLOVIR DUS', 'BRND001', 206, 'OGB & PH', 'DUS', 12, '1169.91', 'IDR'),
('IN6079', '01-31-2022', 'CUST55494', 'KLINIK GM', 'EPM', 'CAB02', 'Jakarta', 'Z31', 'Klinik', 'BRG0005', 'KLORPROMAZINA TABLET SALUT SELAPUT 100 MG', 'BRND005', 203, 'SLCYL', 'TABLET', 34, '5648.30', 'IDR'),
('IN6080', '03-26-2022', 'CUST55596', 'APOTEK SAHABAT', 'TD', 'CAB10', 'Padang', 'Z32', 'Apotek', 'BRG0007', 'ERGOTAMINE COFFEINE', 'BRND007', 206, 'ETIKAL', 'BOTOL', 14, '4592.10', 'IDR'),
('IN6081', '03-19-2022', 'CUST55589', 'KLINIK DR. ANDRI', 'TD', 'CAB03', 'Lampung', 'Z31', 'Klinik', 'BRG0004', 'TRAMADOL KAPSUL 50 MG', 'BRND010', 201, 'SLCYL', 'KAPSUL', 25, '6940.30', 'IDR'),
('IN6082', '04-16-2022', 'CUST55617', 'APOTEK SINAR JAYA', 'TD', 'CAB01', 'Bekasi', 'Z32', 'Apotek', 'BRG0002', 'ALERGINE TABLET SALUT', 'BRND008', 203, 'MARCKS', 'DUS', 8, '3991.90', 'IDR'),
('IN6083', '01-30-2022', 'CUST55487', 'KLINIK GM', 'EPM', 'CAB06', 'Jakarta', 'Z31', 'Klinik', 'BRG0008', 'TETRACYCLINE KAPSUL 250 MG', 'BRND008', 204, 'MARCKS', 'KAPSUL', 2, '3991.90', 'IDR'),
('IN6084', '02-01-2022', 'CUST55471', 'APOTEK MAJA', 'TD', 'CAB05', 'Kuningan', 'Z32', 'Apotek', 'BRG0002', 'ALERGINE TABLET SALUT', 'BRND002', 203, 'ETIKAL', 'DUS', 67, '2337.50', 'IDR'),
('IN6085', '03-31-2022', 'CUST55601', 'KLINIK SAHABAT', 'TA', 'CAB01', 'Tangerang', 'Z31', 'Klinik', 'BRG0002', 'ALERGINE TABLET SALUT', 'BRND002', 203, 'ETIKAL', 'DUS', 25, '2337.50', 'IDR'),
('IN6086', '01-23-2022', 'CUST55408', 'APOTEK SAHABAT', 'TD', 'CAB02', 'Padang', 'Z32', 'Apotek', 'BRG0003', 'AMPICILLIN', 'BRND009', 210, 'VNS', 'BOTOL', 14, '5780.70', 'IDR'),
('IN6087', '02-18-2022', 'CUST55560', 'APOTEK TAPAK', 'TA', 'CAB04', 'Aceh', 'Z32', 'Apotek', 'BRG0001', 'ACYCLOVIR DUS', 'BRND001', 206, 'OGB & PH', 'DUS', 12, '1169.91', 'IDR'),
('IN6088', '02-06-2022', 'CUST55548', 'APOTEK MERDEKA', 'EPM', 'CAB07', 'Bandung', 'Z32', 'Apotek', 'BRG0009', 'AMBROXOL HC', 'BRND009', 207, 'VNS', 'BOTOL', 10, '5780.70', 'IDR'),
('IN6089', '01-25-2022', 'CUST55386', 'APOTEK SAHABAT', 'EPM', 'CAB06', 'Padang', 'Z32', 'Apotek', 'BRG0007', 'ERGOTAMINE COFFEINE', 'BRND007', 206, 'ETIKAL', 'BOTOL', 9, '4592.10', 'IDR'),
('IN6090', '05-24-2022', 'CUST55655', 'APOTEK SINAR JAYA', 'TA', 'CAB09', 'Bekasi', 'Z32', 'Apotek', 'BRG0006', 'KETOCONAZOLE TABLET 200 MG', 'BRND006', 205, 'OGB & PH', 'TABLET', 21, '2819.20', 'IDR'),
('IN6091', '06-11-2022', 'CUST55687', 'APOTEK TAPAK', 'TD', 'CAB01', 'Aceh', 'Z32', 'Apotek', 'BRG0008', 'TETRACYCLINE KAPSUL 250 MG', 'BRND008', 204, 'MARCKS', 'KAPSUL', 14, '3991.90', 'IDR'),
('IN6092', '03-14-2022', 'CUST55584', 'KLINIK GM', 'TA', 'CAB02', 'Jakarta', 'Z31', 'Klinik', 'BRG0005', 'KLORPROMAZINA TABLET SALUT SELAPUT 100 MG', 'BRND005', 203, 'SLCYL', 'TABLET', 2, '5648.30', 'IDR'),
('IN6093', '05-29-2022', 'CUST55674', 'KLINIK GM', 'TD', 'CAB02', 'Jakarta', 'Z31', 'Klinik', 'BRG0005', 'KLORPROMAZINA TABLET SALUT SELAPUT 100 MG', 'BRND005', 203, 'SLCYL', 'TABLET', 13, '5648.30', 'IDR'),
('IN6094', '05-02-2022', 'CUST55710', 'APOTEK TAPAK', 'EPM', 'CAB04', 'Aceh', 'Z32', 'Apotek', 'BRG0001', 'ACYCLOVIR DUS', 'BRND001', 206, 'OGB & PH', 'DUS', 67, '1169.91', 'IDR'),
('IN6095', '01-27-2022', 'CUST55478', 'APOTEK MAJA', 'TD', 'CAB01', 'Kuningan', 'Z32', 'Apotek', 'BRG0009', 'AMBROXOL HC', 'BRND009', 207, 'VNS', 'BOTOL', 5, '5780.70', 'IDR'),
('IN6096', '02-19-2022', 'CUST55561', 'APOTEK MAJA', 'EPM', 'CAB05', 'Kuningan', 'Z32', 'Apotek', 'BRG0002', 'ALERGINE TABLET SALUT', 'BRND002', 203, 'ETIKAL', 'DUS', 25, '2337.50', 'IDR'),
('IN6097', '04-30-2022', 'CUST55718', 'APOTEK MAJA', 'TD', 'CAB01', 'Kuningan', 'Z32', 'Apotek', 'BRG0009', 'AMBROXOL HC', 'BRND009', 207, 'VNS', 'BOTOL', 100, '5780.70', 'IDR'),
('IN6098', '03-29-2022', 'CUST55599', 'KLINIK GM', 'EPM', 'CAB02', 'Jakarta', 'Z31', 'Klinik', 'BRG0010', 'PARACETAMOL', 'BRND010', 208, 'SLCYL', 'BOTOL', 19, '6940.30', 'IDR'),
('IN6099', '01-30-2022', 'CUST55457', 'KLINIK GM', 'EPM', 'CAB06', 'Jakarta', 'Z31', 'Klinik', 'BRG0008', 'TETRACYCLINE KAPSUL 250 MG', 'BRND008', 204, 'MARCKS', 'KAPSUL', 5, '3991.90', 'IDR'),
('IN6100', '06-01-2022', 'CUST55677', 'APOTEK SINAR JAYA', 'TD', 'CAB01', 'Bekasi', 'Z32', 'Apotek', 'BRG0002', 'ALERGINE TABLET SALUT', 'BRND008', 203, 'MARCKS', 'DUS', 9, '3991.90', 'IDR'),
('IN6101', '04-30-2022', 'CUST55723', 'APOTEK SAHABAT', 'EPM', 'CAB02', 'Padang', 'Z32', 'Apotek', 'BRG0004', 'TRAMADOL KAPSUL 50 MG', 'BRND004', 201, 'VNS', 'KAPSUL', 20, '8700.70', 'IDR'),
('IN6102', '01-31-2022', 'CUST55392', 'APOTEK SINAR JAYA', 'TA', 'CAB01', 'Bekasi', 'Z32', 'Apotek', 'BRG0003', 'AMPICILLIN', 'BRND003', 210, 'MARCKS', 'BOTOL', 11, '9999.99', 'IDR'),
('IN6103', '01-27-2022', 'CUST55496', 'KLINIK SAHABAT', 'TA', 'CAB01', 'Tangerang', 'Z31', 'Klinik', 'BRG0001', 'ACYCLOVIR DUS', 'BRND007', 206, 'ETIKAL', 'DUS', 15, '4592.10', 'IDR'),
('IN6104', '01-30-2022', 'CUST55433', 'APOTEK MAJA', 'EPM', 'CAB01', 'Kuningan', 'Z32', 'Apotek', 'BRG0004', 'TRAMADOL KAPSUL 50 MG', 'BRND004', 201, 'VNS', 'KAPSUL', 45, '8700.70', 'IDR'),
('IN6105', '05-02-2022', 'CUST55700', 'APOTEK SINAR JAYA', 'EPM', 'CAB09', 'Bekasi', 'Z32', 'Apotek', 'BRG0001', 'ACYCLOVIR DUS', 'BRND001', 206, 'OGB & PH', 'DUS', 21, '1169.91', 'IDR'),
('IN6106', '04-30-2022', 'CUST55713', 'APOTEK MERDEKA', 'EPM', 'CAB07', 'Bandung', 'Z32', 'Apotek', 'BRG0004', 'TRAMADOL KAPSUL 50 MG', 'BRND004', 201, 'VNS', 'KAPSUL', 4, '8700.70', 'IDR'),
('IN6107', '01-30-2022', 'CUST55511', 'KLINIK SAHABAT', 'EPM', 'CAB01', 'Tangerang', 'Z31', 'Klinik', 'BRG0002', 'ALERGINE TABLET SALUT', 'BRND002', 203, 'ETIKAL', 'DUS', 24, '2337.50', 'IDR'),
('IN6108', '01-30-2022', 'CUST55409', 'KLINIK DR. ANDRI', 'TA', 'CAB03', 'Lampung', 'Z31', 'Klinik', 'BRG0004', 'TRAMADOL KAPSUL 50 MG', 'BRND010', 201, 'SLCYL', 'KAPSUL', 21, '6940.30', 'IDR'),
('IN6109', '06-16-2022', 'CUST55702', 'APOTEK TAPAK', 'TA', 'CAB01', 'Aceh', 'Z32', 'Apotek', 'BRG0003', 'AMPICILLIN', 'BRND003', 210, 'MARCKS', 'BOTOL', 12, '9999.99', 'IDR'),
('IN6110', '03-06-2022', 'CUST55576', 'APOTEK MAJA', 'TD', 'CAB05', 'Kuningan', 'Z32', 'Apotek', 'BRG0007', 'ERGOTAMINE COFFEINE', 'BRND007', 206, 'ETIKAL', 'BOTOL', 9, '4592.10', 'IDR'),
('IN6111', '05-26-2022', 'CUST55657', 'APOTEK TAPAK', 'TD', 'CAB01', 'Aceh', 'Z32', 'Apotek', 'BRG0008', 'TETRACYCLINE KAPSUL 250 MG', 'BRND008', 204, 'MARCKS', 'KAPSUL', 12, '3991.90', 'IDR'),
('IN6112', '05-03-2022', 'CUST55726', 'APOTEK MAJA', 'TA', 'CAB05', 'Kuningan', 'Z32', 'Apotek', 'BRG0007', 'ERGOTAMINE COFFEINE', 'BRND007', 206, 'ETIKAL', 'BOTOL', 34, '4592.10', 'IDR'),
('IN6113', '01-27-2022', 'CUST55400', 'APOTEK SINAR JAYA', 'TD', 'CAB09', 'Bekasi', 'Z32', 'Apotek', 'BRG0001', 'ACYCLOVIR DUS', 'BRND001', 206, 'OGB & PH', 'DUS', 12, '1169.91', 'IDR'),
('IN6114', '02-27-2022', 'CUST55569', 'KLINIK GM', 'TD', 'CAB02', 'Jakarta', 'Z31', 'Klinik', 'BRG0010', 'PARACETAMOL', 'BRND010', 208, 'SLCYL', 'BOTOL', 98, '6940.30', 'IDR'),
('IN6115', '05-03-2022', 'CUST55716', 'APOTEK SAHABAT', 'TA', 'CAB10', 'Padang', 'Z32', 'Apotek', 'BRG0007', 'ERGOTAMINE COFFEINE', 'BRND007', 206, 'ETIKAL', 'BOTOL', 10, '4592.10', 'IDR'),
('IN6116', '01-28-2022', 'CUST55455', 'APOTEK TAPAK', 'TD', 'CAB04', 'Aceh', 'Z32', 'Apotek', 'BRG0006', 'KETOCONAZOLE TABLET 200 MG', 'BRND006', 205, 'OGB & PH', 'TABLET', 67, '2819.20', 'IDR'),
('IN6117', '05-22-2022', 'CUST55667', 'KLINIK GM', 'TD', 'CAB06', 'Jakarta', 'Z31', 'Klinik', 'BRG0008', 'TETRACYCLINE KAPSUL 250 MG', 'BRND008', 204, 'MARCKS', 'KAPSUL', 5, '3991.90', 'IDR'),
('IN6118', '01-27-2022', 'CUST55502', 'KLINIK GM', 'TD', 'CAB06', 'Jakarta', 'Z31', 'Klinik', 'BRG0003', 'AMPICILLIN', 'BRND003', 210, 'MARCKS', 'BOTOL', 19, '9999.99', 'IDR'),
('IN6119', '01-28-2022', 'CUST55449', 'KLINIK GM', 'TA', 'CAB02', 'Jakarta', 'Z31', 'Klinik', 'BRG0010', 'PARACETAMOL', 'BRND010', 208, 'SLCYL', 'BOTOL', 14, '6940.30', 'IDR'),
('IN6120', '02-01-2022', 'CUST55465', 'APOTEK MERDEKA', 'TD', 'CAB03', 'Bandung', 'Z32', 'Apotek', 'BRG0006', 'KETOCONAZOLE TABLET 200 MG', 'BRND006', 205, 'OGB & PH', 'TABLET', 14, '2819.20', 'IDR'),
('IN6121', '05-21-2022', 'CUST55666', 'APOTEK MAJA', 'EPM', 'CAB05', 'Kuningan', 'Z32', 'Apotek', 'BRG0007', 'ERGOTAMINE COFFEINE', 'BRND007', 206, 'ETIKAL', 'BOTOL', 98, '4592.10', 'IDR'),
('IN6122', '01-30-2022', 'CUST55445', 'APOTEK SINAR JAYA', 'TD', 'CAB09', 'Bekasi', 'Z32', 'Apotek', 'BRG0006', 'KETOCONAZOLE TABLET 200 MG', 'BRND006', 205, 'OGB & PH', 'TABLET', 21, '2819.20', 'IDR'),
('IN6123', '06-16-2022', 'CUST55697', 'KLINIK GM', 'TD', 'CAB06', 'Jakarta', 'Z31', 'Klinik', 'BRG0008', 'TETRACYCLINE KAPSUL 250 MG', 'BRND008', 204, 'MARCKS', 'KAPSUL', 12, '3991.90', 'IDR'),
('IN6124', '01-27-2022', 'CUST55442', 'KLINIK GM', 'TA', 'CAB06', 'Jakarta', 'Z31', 'Klinik', 'BRG0003', 'AMPICILLIN', 'BRND003', 210, 'MARCKS', 'BOTOL', 95, '9999.99', 'IDR'),
('IN6125', '01-23-2022', 'CUST55402', 'APOTEK TAPAK', 'TA', 'CAB01', 'Aceh', 'Z32', 'Apotek', 'BRG0003', 'AMPICILLIN', 'BRND003', 210, 'MARCKS', 'BOTOL', 14, '9999.99', 'IDR'),
('IN6126', '04-23-2022', 'CUST55624', 'KLINIK SAHABAT', 'TD', 'CAB08', 'Tangerang', 'Z31', 'Klinik', 'BRG0005', 'KLORPROMAZINA TABLET SALUT SELAPUT 100 MG', 'BRND005', 203, 'SLCYL', 'TABLET', 45, '5648.30', 'IDR'),
('IN6127', '04-24-2022', 'CUST55625', 'APOTEK SINAR JAYA', 'TA', 'CAB09', 'Bekasi', 'Z32', 'Apotek', 'BRG0006', 'KETOCONAZOLE TABLET 200 MG', 'BRND006', 205, 'OGB & PH', 'TABLET', 34, '2819.20', 'IDR'),
('IN6128', '02-01-2022', 'CUST55537', 'APOTEK TAPAK', 'TA', 'CAB01', 'Aceh', 'Z32', 'Apotek', 'BRG0008', 'TETRACYCLINE KAPSUL 250 MG', 'BRND008', 204, 'MARCKS', 'KAPSUL', 79, '3991.90', 'IDR'),
('IN6129', '02-14-2022', 'CUST55556', 'KLINIK SAHABAT', 'TD', 'CAB01', 'Tangerang', 'Z31', 'Klinik', 'BRG0001', 'ACYCLOVIR DUS', 'BRND007', 206, 'ETIKAL', 'DUS', 8, '4592.10', 'IDR'),
('IN6130', '01-31-2022', 'CUST55518', 'APOTEK MERDEKA', 'EPM', 'CAB07', 'Bandung', 'Z32', 'Apotek', 'BRG0009', 'AMBROXOL HC', 'BRND009', 207, 'VNS', 'BOTOL', 5, '5780.70', 'IDR'),
('IN6131', '01-27-2022', 'CUST55418', 'APOTEK MAJA', 'TD', 'CAB01', 'Kuningan', 'Z32', 'Apotek', 'BRG0009', 'AMBROXOL HC', 'BRND009', 207, 'VNS', 'BOTOL', 10, '5780.70', 'IDR'),
('IN6132', '04-30-2022', 'CUST55708', 'APOTEK SAHABAT', 'TD', 'CAB02', 'Padang', 'Z32', 'Apotek', 'BRG0003', 'AMPICILLIN', 'BRND009', 210, 'VNS', 'BOTOL', 12, '5780.70', 'IDR'),
('IN6133', '02-01-2022', 'CUST55429', 'KLINIK SAHABAT', 'TA', 'CAB08', 'Tangerang', 'Z31', 'Klinik', 'BRG0010', 'PARACETAMOL', 'BRND010', 208, 'SLCYL', 'BOTOL', 78, '6940.30', 'IDR'),
('IN6134', '02-01-2022', 'CUST55441', 'APOTEK MAJA', 'TD', 'CAB05', 'Kuningan', 'Z32', 'Apotek', 'BRG0002', 'ALERGINE TABLET SALUT', 'BRND002', 203, 'ETIKAL', 'DUS', 12, '2337.50', 'IDR'),
('IN6135', '02-08-2022', 'CUST55550', 'APOTEK SINAR JAYA', 'TA', 'CAB09', 'Bekasi', 'Z32', 'Apotek', 'BRG0001', 'ACYCLOVIR DUS', 'BRND001', 206, 'OGB & PH', 'DUS', 12, '1169.91', 'IDR'),
('IN6136', '01-27-2022', 'CUST55526', 'KLINIK SAHABAT', 'TD', 'CAB01', 'Tangerang', 'Z31', 'Klinik', 'BRG0001', 'ACYCLOVIR DUS', 'BRND007', 206, 'ETIKAL', 'DUS', 78, '4592.10', 'IDR'),
('IN6137', '03-03-2022', 'CUST55573', 'APOTEK SAHABAT', 'TD', 'CAB02', 'Padang', 'Z32', 'Apotek', 'BRG0004', 'TRAMADOL KAPSUL 50 MG', 'BRND004', 201, 'VNS', 'KAPSUL', 9, '8700.70', 'IDR'),
('IN6138', '04-18-2022', 'CUST55661', 'KLINIK SAHABAT', 'TD', 'CAB01', 'Tangerang', 'Z31', 'Klinik', 'BRG0002', 'ALERGINE TABLET SALUT', 'BRND002', 203, 'ETIKAL', 'DUS', 10, '2337.50', 'IDR'),
('IN6139', '04-22-2022', 'CUST55623', 'APOTEK MERDEKA', 'TD', 'CAB07', 'Bandung', 'Z32', 'Apotek', 'BRG0004', 'TRAMADOL KAPSUL 50 MG', 'BRND004', 201, 'VNS', 'KAPSUL', 78, '8700.70', 'IDR'),
('IN6140', '03-25-2022', 'CUST55595', 'APOTEK SINAR JAYA', 'EPM', 'CAB09', 'Bekasi', 'Z32', 'Apotek', 'BRG0006', 'KETOCONAZOLE TABLET 200 MG', 'BRND006', 205, 'OGB & PH', 'TABLET', 25, '2819.20', 'IDR'),
('IN6141', '01-28-2022', 'CUST55401', 'APOTEK SAHABAT', 'TD', 'CAB10', 'Padang', 'Z32', 'Apotek', 'BRG0002', 'ALERGINE TABLET SALUT', 'BRND002', 203, 'ETIKAL', 'DUS', 25, '2337.50', 'IDR'),
('IN6142', '05-01-2022', 'CUST55724', 'KLINIK DR. ANDRI', 'TD', 'CAB03', 'Lampung', 'Z31', 'Klinik', 'BRG0005', 'KLORPROMAZINA TABLET SALUT SELAPUT 100 MG', 'BRND005', 203, 'SLCYL', 'TABLET', 45, '5648.30', 'IDR'),
('IN6143', '05-02-2022', 'CUST55705', 'APOTEK MERDEKA', 'TD', 'CAB03', 'Bandung', 'Z32', 'Apotek', 'BRG0006', 'KETOCONAZOLE TABLET 200 MG', 'BRND006', 205, 'OGB & PH', 'TABLET', 24, '2819.20', 'IDR'),
('IN6144', '01-22-2022', 'CUST55383', 'APOTEK MERDEKA', 'EPM', 'CAB03', 'Bandung', 'Z32', 'Apotek', 'BRG0004', 'TRAMADOL KAPSUL 50 MG', 'BRND004', 201, 'VNS', 'KAPSUL', 13, '8700.70', 'IDR'),
('IN6145', '04-20-2022', 'CUST55642', 'APOTEK TAPAK', 'EPM', 'CAB01', 'Aceh', 'Z32', 'Apotek', 'BRG0003', 'AMPICILLIN', 'BRND003', 210, 'MARCKS', 'BOTOL', 25, '9999.99', 'IDR'),
('IN6146', '01-27-2022', 'CUST55412', 'KLINIK GM', 'TA', 'CAB06', 'Jakarta', 'Z31', 'Klinik', 'BRG0003', 'AMPICILLIN', 'BRND003', 210, 'MARCKS', 'BOTOL', 25, '9999.99', 'IDR'),
('IN6147', '02-13-2022', 'CUST55555', 'APOTEK MERDEKA', 'EPM', 'CAB03', 'Bandung', 'Z32', 'Apotek', 'BRG0006', 'KETOCONAZOLE TABLET 200 MG', 'BRND006', 205, 'OGB & PH', 'TABLET', 4, '2819.20', 'IDR'),
('IN6148', '01-31-2022', 'CUST55476', 'APOTEK SAHABAT', 'TA', 'CAB10', 'Padang', 'Z32', 'Apotek', 'BRG0007', 'ERGOTAMINE COFFEINE', 'BRND007', 206, 'ETIKAL', 'BOTOL', 9, '4592.10', 'IDR'),
('IN6149', '03-20-2022', 'CUST55590', 'APOTEK TAPAK', 'TD', 'CAB04', 'Aceh', 'Z32', 'Apotek', 'BRG0001', 'ACYCLOVIR DUS', 'BRND001', 206, 'OGB & PH', 'DUS', 14, '1169.91', 'IDR'),
('IN6150', '05-20-2022', 'CUST55651', 'APOTEK MAJA', 'TD', 'CAB05', 'Kuningan', 'Z32', 'Apotek', 'BRG0002', 'ALERGINE TABLET SALUT', 'BRND002', 203, 'ETIKAL', 'DUS', 5, '2337.50', 'IDR'),
('IN6151', '05-02-2022', 'CUST55720', 'APOTEK MERDEKA', 'EPM', 'CAB03', 'Bandung', 'Z32', 'Apotek', 'BRG0001', 'ACYCLOVIR DUS', 'BRND001', 206, 'OGB & PH', 'DUS', 78, '1169.91', 'IDR'),
('IN6152', '01-31-2022', 'CUST55512', 'APOTEK SINAR JAYA', 'TD', 'CAB01', 'Bekasi', 'Z32', 'Apotek', 'BRG0003', 'AMPICILLIN', 'BRND003', 210, 'MARCKS', 'BOTOL', 10, '9999.99', 'IDR'),
('IN6153', '03-27-2022', 'CUST55597', 'APOTEK TAPAK', 'TD', 'CAB01', 'Aceh', 'Z32', 'Apotek', 'BRG0008', 'TETRACYCLINE KAPSUL 250 MG', 'BRND008', 204, 'MARCKS', 'KAPSUL', 18, '3991.90', 'IDR'),
('IN6154', '04-19-2022', 'CUST55641', 'APOTEK SAHABAT', 'TA', 'CAB10', 'Padang', 'Z32', 'Apotek', 'BRG0002', 'ALERGINE TABLET SALUT', 'BRND002', 203, 'ETIKAL', 'DUS', 12, '2337.50', 'IDR'),
('IN6155', '01-21-2022', 'CUST55382', 'KLINIK GM', 'TA', 'CAB02', 'Jakarta', 'Z31', 'Klinik', 'BRG0003', 'AMPICILLIN', 'BRND003', 210, 'MARCKS', 'BOTOL', 9, '9999.99', 'IDR'),
('IN6156', '04-07-2022', 'CUST55608', 'APOTEK MERDEKA', 'TA', 'CAB07', 'Bandung', 'Z32', 'Apotek', 'BRG0009', 'AMBROXOL HC', 'BRND009', 207, 'VNS', 'BOTOL', 24, '5780.70', 'IDR'),
('IN6157', '04-12-2022', 'CUST55613', 'APOTEK MAJA', 'TD', 'CAB01', 'Kuningan', 'Z32', 'Apotek', 'BRG0004', 'TRAMADOL KAPSUL 50 MG', 'BRND004', 201, 'VNS', 'KAPSUL', 67, '8700.70', 'IDR'),
('IN6158', '05-01-2022', 'CUST55699', 'KLINIK SAHABAT', 'TA', 'CAB08', 'Tangerang', 'Z31', 'Klinik', 'BRG0010', 'PARACETAMOL', 'BRND010', 208, 'SLCYL', 'BOTOL', 14, '6940.30', 'IDR'),
('IN6159', '06-13-2022', 'CUST55689', 'KLINIK GM', 'TA', 'CAB02', 'Jakarta', 'Z31', 'Klinik', 'BRG0010', 'PARACETAMOL', 'BRND010', 208, 'SLCYL', 'BOTOL', 67, '6940.30', 'IDR'),
('IN6160', '05-27-2022', 'CUST55672', 'APOTEK TAPAK', 'TA', 'CAB01', 'Aceh', 'Z32', 'Apotek', 'BRG0003', 'AMPICILLIN', 'BRND003', 210, 'MARCKS', 'BOTOL', 5, '9999.99', 'IDR'),
('IN6161', '01-27-2022', 'CUST55466', 'KLINIK SAHABAT', 'TA', 'CAB01', 'Tangerang', 'Z31', 'Klinik', 'BRG0001', 'ACYCLOVIR DUS', 'BRND007', 206, 'ETIKAL', 'DUS', 24, '4592.10', 'IDR'),
('IN6162', '01-28-2022', 'CUST55503', 'APOTEK MERDEKA', 'TA', 'CAB07', 'Bandung', 'Z32', 'Apotek', 'BRG0004', 'TRAMADOL KAPSUL 50 MG', 'BRND004', 201, 'VNS', 'KAPSUL', 12, '8700.70', 'IDR'),
('IN6163', '01-30-2022', 'CUST55421', 'KLINIK SAHABAT', 'TD', 'CAB01', 'Tangerang', 'Z31', 'Klinik', 'BRG0002', 'ALERGINE TABLET SALUT', 'BRND002', 203, 'ETIKAL', 'DUS', 5, '2337.50', 'IDR'),
('IN6164', '03-08-2022', 'CUST55578', 'APOTEK MERDEKA', 'EPM', 'CAB07', 'Bandung', 'Z32', 'Apotek', 'BRG0009', 'AMBROXOL HC', 'BRND009', 207, 'VNS', 'BOTOL', 1, '5780.70', 'IDR'),
('IN6165', '06-16-2022', 'CUST55722', 'APOTEK SINAR JAYA', 'TA', 'CAB01', 'Bekasi', 'Z32', 'Apotek', 'BRG0003', 'AMPICILLIN', 'BRND003', 210, 'MARCKS', 'BOTOL', 34, '9999.99', 'IDR'),
('IN6166', '05-30-2022', 'CUST55675', 'APOTEK MERDEKA', 'TA', 'CAB03', 'Bandung', 'Z32', 'Apotek', 'BRG0006', 'KETOCONAZOLE TABLET 200 MG', 'BRND006', 205, 'OGB & PH', 'TABLET', 1, '2819.20', 'IDR'),
('IN6167', '01-28-2022', 'CUST55491', 'APOTEK SAHABAT', 'EPM', 'CAB10', 'Padang', 'Z32', 'Apotek', 'BRG0002', 'ALERGINE TABLET SALUT', 'BRND002', 203, 'ETIKAL', 'DUS', 12, '2337.50', 'IDR'),
('IN6168', '05-13-2022', 'CUST55644', 'KLINIK GM', 'TD', 'CAB02', 'Jakarta', 'Z31', 'Klinik', 'BRG0005', 'KLORPROMAZINA TABLET SALUT SELAPUT 100 MG', 'BRND005', 203, 'SLCYL', 'TABLET', 24, '5648.30', 'IDR'),
('IN6169', '05-20-2022', 'CUST55665', 'APOTEK TAPAK', 'TA', 'CAB04', 'Aceh', 'Z32', 'Apotek', 'BRG0006', 'KETOCONAZOLE TABLET 200 MG', 'BRND006', 205, 'OGB & PH', 'TABLET', 67, '2819.20', 'IDR'),
('IN6170', '01-30-2022', 'CUST55505', 'APOTEK SINAR JAYA', 'TD', 'CAB09', 'Bekasi', 'Z32', 'Apotek', 'BRG0006', 'KETOCONAZOLE TABLET 200 MG', 'BRND006', 205, 'OGB & PH', 'TABLET', 14, '2819.20', 'IDR'),
('IN6171', '02-03-2022', 'CUST55545', 'APOTEK TAPAK', 'EPM', 'CAB04', 'Aceh', 'Z32', 'Apotek', 'BRG0006', 'KETOCONAZOLE TABLET 200 MG', 'BRND006', 205, 'OGB & PH', 'TABLET', 25, '2819.20', 'IDR'),
('IN6172', '01-28-2022', 'CUST55497', 'APOTEK SINAR JAYA', 'EPM', 'CAB01', 'Bekasi', 'Z32', 'Apotek', 'BRG0002', 'ALERGINE TABLET SALUT', 'BRND008', 203, 'MARCKS', 'DUS', 12, '3991.90', 'IDR'),
('IN6173', '01-27-2022', 'CUST55406', 'KLINIK SAHABAT', 'EPM', 'CAB01', 'Tangerang', 'Z31', 'Klinik', 'BRG0001', 'ACYCLOVIR DUS', 'BRND007', 206, 'ETIKAL', 'DUS', 12, '4592.10', 'IDR'),
('IN6174', '04-17-2022', 'CUST55618', 'APOTEK SAHABAT', 'TA', 'CAB02', 'Padang', 'Z32', 'Apotek', 'BRG0003', 'AMPICILLIN', 'BRND009', 210, 'VNS', 'BOTOL', 9, '5780.70', 'IDR'),
('IN6175', '01-31-2022', 'CUST55404', 'KLINIK GM', 'TD', 'CAB02', 'Jakarta', 'Z31', 'Klinik', 'BRG0005', 'KLORPROMAZINA TABLET SALUT SELAPUT 100 MG', 'BRND005', 203, 'SLCYL', 'TABLET', 18, '5648.30', 'IDR'),
('IN6176', '01-30-2022', 'CUST55403', 'APOTEK MAJA', 'EPM', 'CAB01', 'Kuningan', 'Z32', 'Apotek', 'BRG0004', 'TRAMADOL KAPSUL 50 MG', 'BRND004', 201, 'VNS', 'KAPSUL', 18, '8700.70', 'IDR'),
('IN6177', '03-15-2022', 'CUST55585', 'APOTEK MERDEKA', 'EPM', 'CAB03', 'Bandung', 'Z32', 'Apotek', 'BRG0006', 'KETOCONAZOLE TABLET 200 MG', 'BRND006', 205, 'OGB & PH', 'TABLET', 17, '2819.20', 'IDR'),
('IN6178', '05-02-2022', 'CUST55695', 'APOTEK TAPAK', 'TA', 'CAB04', 'Aceh', 'Z32', 'Apotek', 'BRG0006', 'KETOCONAZOLE TABLET 200 MG', 'BRND006', 205, 'OGB & PH', 'TABLET', 18, '2819.20', 'IDR'),
('IN6179', '05-24-2022', 'CUST55669', 'KLINIK SAHABAT', 'EPM', 'CAB08', 'Tangerang', 'Z31', 'Klinik', 'BRG0010', 'PARACETAMOL', 'BRND010', 208, 'SLCYL', 'BOTOL', 8, '6940.30', 'IDR'),
('IN6180', '04-13-2022', 'CUST55614', 'KLINIK GM', 'TA', 'CAB02', 'Jakarta', 'Z31', 'Klinik', 'BRG0005', 'KLORPROMAZINA TABLET SALUT SELAPUT 100 MG', 'BRND005', 203, 'SLCYL', 'TABLET', 98, '5648.30', 'IDR'),
('IN6181', '02-07-2022', 'CUST55549', 'KLINIK SAHABAT', 'TD', 'CAB08', 'Tangerang', 'Z31', 'Klinik', 'BRG0010', 'PARACETAMOL', 'BRND010', 208, 'SLCYL', 'BOTOL', 130, '6940.30', 'IDR'),
('IN6182', '03-07-2022', 'CUST55577', 'KLINIK GM', 'TA', 'CAB06', 'Jakarta', 'Z31', 'Klinik', 'BRG0008', 'TETRACYCLINE KAPSUL 250 MG', 'BRND008', 204, 'MARCKS', 'KAPSUL', 13, '3991.90', 'IDR'),
('IN6183', '01-23-2022', 'CUST55498', 'APOTEK SAHABAT', 'TD', 'CAB02', 'Padang', 'Z32', 'Apotek', 'BRG0003', 'AMPICILLIN', 'BRND009', 210, 'VNS', 'BOTOL', 25, '5780.70', 'IDR'),
('IN6184', '01-28-2022', 'CUST55395', 'APOTEK TAPAK', 'TA', 'CAB04', 'Aceh', 'Z32', 'Apotek', 'BRG0006', 'KETOCONAZOLE TABLET 200 MG', 'BRND006', 205, 'OGB & PH', 'TABLET', 25, '2819.20', 'IDR'),
('IN6185', '02-01-2022', 'CUST55483', 'APOTEK SAHABAT', 'TA', 'CAB02', 'Padang', 'Z32', 'Apotek', 'BRG0004', 'TRAMADOL KAPSUL 50 MG', 'BRND004', 201, 'VNS', 'KAPSUL', 9, '8700.70', 'IDR'),
('IN6186', '01-31-2022', 'CUST55500', 'APOTEK TAPAK', 'TA', 'CAB04', 'Aceh', 'Z32', 'Apotek', 'BRG0001', 'ACYCLOVIR DUS', 'BRND001', 206, 'OGB & PH', 'DUS', 18, '1169.91', 'IDR'),
('IN6187', '04-05-2022', 'CUST55606', 'APOTEK MAJA', 'TD', 'CAB05', 'Kuningan', 'Z32', 'Apotek', 'BRG0007', 'ERGOTAMINE COFFEINE', 'BRND007', 206, 'ETIKAL', 'BOTOL', 25, '4592.10', 'IDR'),
('IN6188', '01-27-2022', 'CUST55454', 'KLINIK DR. ANDRI', 'TD', 'CAB03', 'Lampung', 'Z31', 'Klinik', 'BRG0005', 'KLORPROMAZINA TABLET SALUT SELAPUT 100 MG', 'BRND005', 203, 'SLCYL', 'TABLET', 10, '5648.30', 'IDR'),
('IN6189', '03-04-2022', 'CUST55574', 'KLINIK DR. ANDRI', 'TA', 'CAB03', 'Lampung', 'Z31', 'Klinik', 'BRG0005', 'KLORPROMAZINA TABLET SALUT SELAPUT 100 MG', 'BRND005', 203, 'SLCYL', 'TABLET', 1, '5648.30', 'IDR'),
('IN6190', '01-23-2022', 'CUST55390', 'APOTEK MERDEKA', 'TD', 'CAB10', 'Bandung', 'Z32', 'Apotek', 'BRG0001', 'ACYCLOVIR DUS', 'BRND001', 206, 'OGB & PH', 'DUS', 2, '1169.91', 'IDR'),
('IN6191', '01-31-2022', 'CUST55422', 'APOTEK SINAR JAYA', 'TA', 'CAB01', 'Bekasi', 'Z32', 'Apotek', 'BRG0003', 'AMPICILLIN', 'BRND003', 210, 'MARCKS', 'BOTOL', 4, '9999.99', 'IDR'),
('IN6192', '05-14-2022', 'CUST55645', 'APOTEK MERDEKA', 'TA', 'CAB03', 'Bandung', 'Z32', 'Apotek', 'BRG0006', 'KETOCONAZOLE TABLET 200 MG', 'BRND006', 205, 'OGB & PH', 'TABLET', 10, '2819.20', 'IDR'),
('IN6193', '03-18-2022', 'CUST55588', 'APOTEK SAHABAT', 'EPM', 'CAB02', 'Padang', 'Z32', 'Apotek', 'BRG0003', 'AMPICILLIN', 'BRND009', 210, 'VNS', 'BOTOL', 12, '5780.70', 'IDR'),
('IN6194', '04-18-2022', 'CUST55658', 'APOTEK MAJA', 'TA', 'CAB01', 'Kuningan', 'Z32', 'Apotek', 'BRG0009', 'AMBROXOL HC', 'BRND009', 207, 'VNS', 'BOTOL', 25, '5780.70', 'IDR'),
('IN6195', '01-31-2022', 'CUST55398', 'APOTEK MERDEKA', 'TA', 'CAB07', 'Bandung', 'Z32', 'Apotek', 'BRG0009', 'AMBROXOL HC', 'BRND009', 207, 'VNS', 'BOTOL', 67, '5780.70', 'IDR'),
('IN6196', '01-31-2022', 'CUST55530', 'APOTEK TAPAK', 'TA', 'CAB04', 'Aceh', 'Z32', 'Apotek', 'BRG0001', 'ACYCLOVIR DUS', 'BRND001', 206, 'OGB & PH', 'DUS', 45, '1169.91', 'IDR'),
('IN6197', '04-29-2022', 'CUST55630', 'APOTEK MERDEKA', 'TD', 'CAB03', 'Bandung', 'Z32', 'Apotek', 'BRG0001', 'ACYCLOVIR DUS', 'BRND001', 206, 'OGB & PH', 'DUS', 34, '1169.91', 'IDR'),
('IN6198', '06-04-2022', 'CUST55680', 'APOTEK TAPAK', 'EPM', 'CAB04', 'Aceh', 'Z32', 'Apotek', 'BRG0001', 'ACYCLOVIR DUS', 'BRND001', 206, 'OGB & PH', 'DUS', 4, '1169.91', 'IDR'),
('IN6199', '01-28-2022', 'CUST55509', 'KLINIK GM', 'TD', 'CAB02', 'Jakarta', 'Z31', 'Klinik', 'BRG0010', 'PARACETAMOL', 'BRND010', 208, 'SLCYL', 'BOTOL', 25, '6940.30', 'IDR'),
('IN6200', '01-28-2022', 'CUST55473', 'APOTEK MERDEKA', 'TA', 'CAB07', 'Bandung', 'Z32', 'Apotek', 'BRG0004', 'TRAMADOL KAPSUL 50 MG', 'BRND004', 201, 'VNS', 'KAPSUL', 5, '8700.70', 'IDR'),
('IN6201', '05-23-2022', 'CUST55668', 'APOTEK MERDEKA', 'TA', 'CAB07', 'Bandung', 'Z32', 'Apotek', 'BRG0009', 'AMBROXOL HC', 'BRND009', 207, 'VNS', 'BOTOL', 4, '5780.70', 'IDR'),
('IN6202', '01-23-2022', 'CUST55528', 'APOTEK SAHABAT', 'EPM', 'CAB02', 'Padang', 'Z32', 'Apotek', 'BRG0003', 'AMPICILLIN', 'BRND009', 210, 'VNS', 'BOTOL', 34, '5780.70', 'IDR'),
('IN6203', '01-31-2022', 'CUST55524', 'KLINIK GM', 'EPM', 'CAB02', 'Jakarta', 'Z31', 'Klinik', 'BRG0005', 'KLORPROMAZINA TABLET SALUT SELAPUT 100 MG', 'BRND005', 203, 'SLCYL', 'TABLET', 100, '5648.30', 'IDR'),
('IN6204', '06-16-2022', 'CUST55727', 'KLINIK GM', 'EPM', 'CAB06', 'Jakarta', 'Z31', 'Klinik', 'BRG0008', 'TETRACYCLINE KAPSUL 250 MG', 'BRND008', 204, 'MARCKS', 'KAPSUL', 34, '3991.90', 'IDR'),
('IN6205', '01-27-2022', 'CUST55520', 'APOTEK SINAR JAYA', 'TA', 'CAB09', 'Bekasi', 'Z32', 'Apotek', 'BRG0001', 'ACYCLOVIR DUS', 'BRND001', 206, 'OGB & PH', 'DUS', 8, '1169.91', 'IDR'),
('IN6206', '03-12-2022', 'CUST55582', 'APOTEK TAPAK', 'EPM', 'CAB01', 'Aceh', 'Z32', 'Apotek', 'BRG0003', 'AMPICILLIN', 'BRND003', 210, 'MARCKS', 'BOTOL', 23, '9999.99', 'IDR'),
('IN6207', '04-04-2022', 'CUST55605', 'APOTEK TAPAK', 'EPM', 'CAB04', 'Aceh', 'Z32', 'Apotek', 'BRG0006', 'KETOCONAZOLE TABLET 200 MG', 'BRND006', 205, 'OGB & PH', 'TABLET', 12, '2819.20', 'IDR'),
('IN6208', '01-30-2022', 'CUST55475', 'APOTEK SINAR JAYA', 'TD', 'CAB09', 'Bekasi', 'Z32', 'Apotek', 'BRG0006', 'KETOCONAZOLE TABLET 200 MG', 'BRND006', 205, 'OGB & PH', 'TABLET', 8, '2819.20', 'IDR'),
('IN6209', '03-16-2022', 'CUST55586', 'KLINIK SAHABAT', 'TD', 'CAB01', 'Tangerang', 'Z31', 'Klinik', 'BRG0001', 'ACYCLOVIR DUS', 'BRND007', 206, 'ETIKAL', 'DUS', 11, '4592.10', 'IDR'),
('IN6210', '01-23-2022', 'CUST55486', 'APOTEK MAJA', 'TA', 'CAB05', 'Kuningan', 'Z32', 'Apotek', 'BRG0007', 'ERGOTAMINE COFFEINE', 'BRND007', 206, 'ETIKAL', 'BOTOL', 4, '4592.10', 'IDR'),
('IN6211', '02-01-2022', 'CUST55501', 'APOTEK MAJA', 'EPM', 'CAB05', 'Kuningan', 'Z32', 'Apotek', 'BRG0002', 'ALERGINE TABLET SALUT', 'BRND002', 203, 'ETIKAL', 'DUS', 18, '2337.50', 'IDR'),
('IN6212', '06-05-2022', 'CUST55681', 'APOTEK MAJA', 'TD', 'CAB05', 'Kuningan', 'Z32', 'Apotek', 'BRG0002', 'ALERGINE TABLET SALUT', 'BRND002', 203, 'ETIKAL', 'DUS', 2, '2337.50', 'IDR'),
('IN6213', '05-03-2022', 'CUST55701', 'APOTEK SAHABAT', 'TD', 'CAB10', 'Padang', 'Z32', 'Apotek', 'BRG0002', 'ALERGINE TABLET SALUT', 'BRND002', 203, 'ETIKAL', 'DUS', 22, '2337.50', 'IDR'),
('IN6214', '01-28-2022', 'CUST55461', 'APOTEK SAHABAT', 'TD', 'CAB10', 'Padang', 'Z32', 'Apotek', 'BRG0002', 'ALERGINE TABLET SALUT', 'BRND002', 203, 'ETIKAL', 'DUS', 21, '2337.50', 'IDR'),
('IN6215', '01-23-2022', 'CUST55510', 'APOTEK MERDEKA', 'TA', 'CAB03', 'Bandung', 'Z32', 'Apotek', 'BRG0001', 'ACYCLOVIR DUS', 'BRND001', 206, 'OGB & PH', 'DUS', 14, '1169.91', 'IDR'),
('IN6216', '01-23-2022', 'CUST55456', 'APOTEK MAJA', 'TA', 'CAB05', 'Kuningan', 'Z32', 'Apotek', 'BRG0007', 'ERGOTAMINE COFFEINE', 'BRND007', 206, 'ETIKAL', 'BOTOL', 98, '4592.10', 'IDR'),
('IN6217', '01-23-2022', 'CUST55438', 'APOTEK SAHABAT', 'TD', 'CAB02', 'Padang', 'Z32', 'Apotek', 'BRG0003', 'AMPICILLIN', 'BRND009', 210, 'VNS', 'BOTOL', 5, '5780.70', 'IDR'),
('IN6218', '04-17-2022', 'CUST55639', 'KLINIK SAHABAT', 'EPM', 'CAB08', 'Tangerang', 'Z31', 'Klinik', 'BRG0010', 'PARACETAMOL', 'BRND010', 208, 'SLCYL', 'BOTOL', 21, '6940.30', 'IDR'),
('IN6219', '01-27-2022', 'CUST55436', 'KLINIK SAHABAT', 'TA', 'CAB01', 'Tangerang', 'Z31', 'Klinik', 'BRG0001', 'ACYCLOVIR DUS', 'BRND007', 206, 'ETIKAL', 'DUS', 34, '4592.10', 'IDR'),
('IN6220', '01-23-2022', 'CUST55444', 'KLINIK SAHABAT', 'TD', 'CAB08', 'Tangerang', 'Z31', 'Klinik', 'BRG0005', 'KLORPROMAZINA TABLET SALUT SELAPUT 100 MG', 'BRND005', 203, 'SLCYL', 'TABLET', 48, '5648.30', 'IDR'),
('IN6221', '01-23-2022', 'CUST55504', 'KLINIK SAHABAT', 'EPM', 'CAB08', 'Tangerang', 'Z31', 'Klinik', 'BRG0005', 'KLORPROMAZINA TABLET SALUT SELAPUT 100 MG', 'BRND005', 203, 'SLCYL', 'TABLET', 25, '5648.30', 'IDR'),
('IN6222', '06-02-2022', 'CUST55678', 'APOTEK SAHABAT', 'TD', 'CAB02', 'Padang', 'Z32', 'Apotek', 'BRG0003', 'AMPICILLIN', 'BRND009', 210, 'VNS', 'BOTOL', 1, '5780.70', 'IDR'),
('IN6223', '05-02-2022', 'CUST55633', 'APOTEK SAHABAT', 'TD', 'CAB02', 'Padang', 'Z32', 'Apotek', 'BRG0004', 'TRAMADOL KAPSUL 50 MG', 'BRND004', 201, 'VNS', 'KAPSUL', 6, '8700.70', 'IDR'),
('IN6224', '02-17-2022', 'CUST55559', 'KLINIK DR. ANDRI', 'TD', 'CAB03', 'Lampung', 'Z31', 'Klinik', 'BRG0004', 'TRAMADOL KAPSUL 50 MG', 'BRND010', 201, 'SLCYL', 'KAPSUL', 22, '6940.30', 'IDR'),
('IN6225', '04-30-2022', 'CUST55631', 'KLINIK SAHABAT', 'TA', 'CAB01', 'Tangerang', 'Z31', 'Klinik', 'BRG0002', 'ALERGINE TABLET SALUT', 'BRND002', 203, 'ETIKAL', 'DUS', 44, '2337.50', 'IDR'),
('IN6226', '01-31-2022', 'CUST55416', 'APOTEK SAHABAT', 'EPM', 'CAB10', 'Padang', 'Z32', 'Apotek', 'BRG0007', 'ERGOTAMINE COFFEINE', 'BRND007', 206, 'ETIKAL', 'BOTOL', 23, '4592.10', 'IDR'),
('IN6227', '04-10-2022', 'CUST55611', 'APOTEK SAHABAT', 'TA', 'CAB10', 'Padang', 'Z32', 'Apotek', 'BRG0002', 'ALERGINE TABLET SALUT', 'BRND002', 203, 'ETIKAL', 'DUS', 12, '2337.50', 'IDR'),
('IN6228', '01-27-2022', 'CUST55508', 'APOTEK MAJA', 'TD', 'CAB01', 'Kuningan', 'Z32', 'Apotek', 'BRG0009', 'AMBROXOL HC', 'BRND009', 207, 'VNS', 'BOTOL', 12, '5780.70', 'IDR'),
('IN6229', '03-05-2022', 'CUST55575', 'APOTEK TAPAK', 'EPM', 'CAB04', 'Aceh', 'Z32', 'Apotek', 'BRG0006', 'KETOCONAZOLE TABLET 200 MG', 'BRND006', 205, 'OGB & PH', 'TABLET', 5, '2819.20', 'IDR'),
('IN6230', '01-28-2022', 'CUST55413', 'APOTEK MERDEKA', 'EPM', 'CAB07', 'Bandung', 'Z32', 'Apotek', 'BRG0004', 'TRAMADOL KAPSUL 50 MG', 'BRND004', 201, 'VNS', 'KAPSUL', 14, '8700.70', 'IDR'),
('IN6231', '02-21-2022', 'CUST55563', 'APOTEK MERDEKA', 'TD', 'CAB07', 'Bandung', 'Z32', 'Apotek', 'BRG0004', 'TRAMADOL KAPSUL 50 MG', 'BRND004', 201, 'VNS', 'KAPSUL', 24, '8700.70', 'IDR'),
('IN6232', '04-08-2022', 'CUST55609', 'KLINIK SAHABAT', 'EPM', 'CAB08', 'Tangerang', 'Z31', 'Klinik', 'BRG0010', 'PARACETAMOL', 'BRND010', 208, 'SLCYL', 'BOTOL', 10, '6940.30', 'IDR'),
('IN6233', '01-23-2022', 'CUST55450', 'APOTEK MERDEKA', 'EPM', 'CAB03', 'Bandung', 'Z32', 'Apotek', 'BRG0001', 'ACYCLOVIR DUS', 'BRND001', 206, 'OGB & PH', 'DUS', 24, '1169.91', 'IDR'),
('IN6234', '02-10-2022', 'CUST55552', 'APOTEK TAPAK', 'TD', 'CAB01', 'Aceh', 'Z32', 'Apotek', 'BRG0003', 'AMPICILLIN', 'BRND003', 210, 'MARCKS', 'BOTOL', 67, '9999.99', 'IDR'),
('IN6235', '01-30-2022', 'CUST55451', 'KLINIK SAHABAT', 'TD', 'CAB01', 'Tangerang', 'Z31', 'Klinik', 'BRG0002', 'ALERGINE TABLET SALUT', 'BRND002', 203, 'ETIKAL', 'DUS', 10, '2337.50', 'IDR'),
('IN6236', '06-08-2022', 'CUST55684', 'KLINIK SAHABAT', 'TD', 'CAB08', 'Tangerang', 'Z31', 'Klinik', 'BRG0005', 'KLORPROMAZINA TABLET SALUT SELAPUT 100 MG', 'BRND005', 203, 'SLCYL', 'TABLET', 12, '5648.30', 'IDR'),
('IN6237', '04-18-2022', 'CUST55619', 'KLINIK DR. ANDRI', 'EPM', 'CAB03', 'Lampung', 'Z31', 'Klinik', 'BRG0004', 'TRAMADOL KAPSUL 50 MG', 'BRND010', 201, 'SLCYL', 'KAPSUL', 10, '6940.30', 'IDR'),
('IN6238', '01-27-2022', 'CUST55460', 'APOTEK SINAR JAYA', 'EPM', 'CAB09', 'Bekasi', 'Z32', 'Apotek', 'BRG0001', 'ACYCLOVIR DUS', 'BRND001', 206, 'OGB & PH', 'DUS', 9, '1169.91', 'IDR'),
('IN6239', '03-02-2022', 'CUST55572', 'APOTEK SINAR JAYA', 'EPM', 'CAB01', 'Bekasi', 'Z32', 'Apotek', 'BRG0003', 'AMPICILLIN', 'BRND003', 210, 'MARCKS', 'BOTOL', 8, '9999.99', 'IDR'),
('IN6240', '01-30-2022', 'CUST55541', 'KLINIK SAHABAT', 'EPM', 'CAB01', 'Tangerang', 'Z31', 'Klinik', 'BRG0002', 'ALERGINE TABLET SALUT', 'BRND002', 203, 'ETIKAL', 'DUS', 48, '2337.50', 'IDR'),
('IN6241', '01-31-2022', 'CUST55440', 'APOTEK TAPAK', 'EPM', 'CAB04', 'Aceh', 'Z32', 'Apotek', 'BRG0001', 'ACYCLOVIR DUS', 'BRND001', 206, 'OGB & PH', 'DUS', 79, '1169.91', 'IDR');
INSERT INTO `base_table` (`id_invoice`, `tanggal`, `id_customer`, `nama`, `id_distributor`, `id_cabang`, `cabang_sales`, `id_group`, `group`, `id_barang`, `nama_barang`, `brand_id`, `kode_lini`, `lini`, `kemasan`, `jumlah_barang`, `harga`, `mata_uang`) VALUES
('IN6242', '01-23-2022', 'CUST55534', 'KLINIK SAHABAT', 'EPM', 'CAB08', 'Tangerang', 'Z31', 'Klinik', 'BRG0005', 'KLORPROMAZINA TABLET SALUT SELAPUT 100 MG', 'BRND005', 203, 'SLCYL', 'TABLET', 44, '5648.30', 'IDR'),
('IN6243', '02-01-2022', 'CUST55525', 'APOTEK MERDEKA', 'TD', 'CAB03', 'Bandung', 'Z32', 'Apotek', 'BRG0006', 'KETOCONAZOLE TABLET 200 MG', 'BRND006', 205, 'OGB & PH', 'TABLET', 67, '2819.20', 'IDR'),
('IN6244', '01-31-2022', 'CUST55542', 'APOTEK SINAR JAYA', 'TD', 'CAB01', 'Bekasi', 'Z32', 'Apotek', 'BRG0003', 'AMPICILLIN', 'BRND003', 210, 'MARCKS', 'BOTOL', 21, '9999.99', 'IDR'),
('IN6245', '01-30-2022', 'CUST55397', 'KLINIK GM', 'TD', 'CAB06', 'Jakarta', 'Z31', 'Klinik', 'BRG0008', 'TETRACYCLINE KAPSUL 250 MG', 'BRND008', 204, 'MARCKS', 'KAPSUL', 34, '3991.90', 'IDR'),
('IN6246', '01-28-2022', 'CUST55533', 'APOTEK MERDEKA', 'TA', 'CAB07', 'Bandung', 'Z32', 'Apotek', 'BRG0004', 'TRAMADOL KAPSUL 50 MG', 'BRND004', 201, 'VNS', 'KAPSUL', 34, '8700.70', 'IDR'),
('IN6247', '01-28-2022', 'CUST55425', 'APOTEK TAPAK', 'TA', 'CAB04', 'Aceh', 'Z32', 'Apotek', 'BRG0006', 'KETOCONAZOLE TABLET 200 MG', 'BRND006', 205, 'OGB & PH', 'TABLET', 10, '2819.20', 'IDR'),
('IN6248', '01-30-2022', 'CUST55427', 'KLINIK GM', 'TD', 'CAB06', 'Jakarta', 'Z31', 'Klinik', 'BRG0008', 'TETRACYCLINE KAPSUL 250 MG', 'BRND008', 204, 'MARCKS', 'KAPSUL', 100, '3991.90', 'IDR'),
('IN6249', '04-30-2022', 'CUST55703', 'APOTEK MAJA', 'EPM', 'CAB01', 'Kuningan', 'Z32', 'Apotek', 'BRG0004', 'TRAMADOL KAPSUL 50 MG', 'BRND004', 201, 'VNS', 'KAPSUL', 25, '8700.70', 'IDR'),
('IN6250', '03-17-2022', 'CUST55587', 'APOTEK SINAR JAYA', 'TA', 'CAB01', 'Bekasi', 'Z32', 'Apotek', 'BRG0002', 'ALERGINE TABLET SALUT', 'BRND008', 203, 'MARCKS', 'DUS', 12, '3991.90', 'IDR'),
('IN6251', '01-23-2022', 'CUST55387', 'APOTEK TAPAK', 'TD', 'CAB07', 'Aceh', 'Z32', 'Apotek', 'BRG0008', 'TETRACYCLINE KAPSUL 250 MG', 'BRND008', 204, 'MARCKS', 'KAPSUL', 1, '3991.90', 'IDR'),
('IN6252', '05-18-2022', 'CUST55649', 'KLINIK DR. ANDRI', 'EPM', 'CAB03', 'Lampung', 'Z31', 'Klinik', 'BRG0004', 'TRAMADOL KAPSUL 50 MG', 'BRND010', 201, 'SLCYL', 'KAPSUL', 67, '6940.30', 'IDR'),
('IN6253', '01-28-2022', 'CUST55431', 'APOTEK SAHABAT', 'TD', 'CAB10', 'Padang', 'Z32', 'Apotek', 'BRG0002', 'ALERGINE TABLET SALUT', 'BRND002', 203, 'ETIKAL', 'DUS', 34, '2337.50', 'IDR'),
('IN6254', '02-02-2022', 'CUST55544', 'KLINIK DR. ANDRI', 'TA', 'CAB03', 'Lampung', 'Z31', 'Klinik', 'BRG0005', 'KLORPROMAZINA TABLET SALUT SELAPUT 100 MG', 'BRND005', 203, 'SLCYL', 'TABLET', 12, '5648.30', 'IDR'),
('IN6255', '01-31-2022', 'CUST55446', 'APOTEK SAHABAT', 'TA', 'CAB10', 'Padang', 'Z32', 'Apotek', 'BRG0007', 'ERGOTAMINE COFFEINE', 'BRND007', 206, 'ETIKAL', 'BOTOL', 22, '4592.10', 'IDR'),
('IN6256', '01-30-2022', 'CUST55463', 'APOTEK MAJA', 'TA', 'CAB01', 'Kuningan', 'Z32', 'Apotek', 'BRG0004', 'TRAMADOL KAPSUL 50 MG', 'BRND004', 201, 'VNS', 'KAPSUL', 12, '8700.70', 'IDR'),
('IN6257', '04-14-2022', 'CUST55615', 'APOTEK MERDEKA', 'EPM', 'CAB03', 'Bandung', 'Z32', 'Apotek', 'BRG0006', 'KETOCONAZOLE TABLET 200 MG', 'BRND006', 205, 'OGB & PH', 'TABLET', 5, '2819.20', 'IDR'),
('IN6258', '01-27-2022', 'CUST55484', 'KLINIK DR. ANDRI', 'EPM', 'CAB03', 'Lampung', 'Z31', 'Klinik', 'BRG0005', 'KLORPROMAZINA TABLET SALUT SELAPUT 100 MG', 'BRND005', 203, 'SLCYL', 'TABLET', 1, '5648.30', 'IDR'),
('IN6259', '02-01-2022', 'CUST55405', 'APOTEK MERDEKA', 'TA', 'CAB03', 'Bandung', 'Z32', 'Apotek', 'BRG0006', 'KETOCONAZOLE TABLET 200 MG', 'BRND006', 205, 'OGB & PH', 'TABLET', 19, '2819.20', 'IDR'),
('IN6260', '02-22-2022', 'CUST55564', 'KLINIK SAHABAT', 'TA', 'CAB08', 'Tangerang', 'Z31', 'Klinik', 'BRG0005', 'KLORPROMAZINA TABLET SALUT SELAPUT 100 MG', 'BRND005', 203, 'SLCYL', 'TABLET', 10, '5648.30', 'IDR'),
('IN6261', '02-05-2022', 'CUST55547', 'KLINIK GM', 'TA', 'CAB06', 'Jakarta', 'Z31', 'Klinik', 'BRG0008', 'TETRACYCLINE KAPSUL 250 MG', 'BRND008', 204, 'MARCKS', 'KAPSUL', 24, '3991.90', 'IDR'),
('IN6262', '01-28-2022', 'CUST55419', 'KLINIK GM', 'TA', 'CAB02', 'Jakarta', 'Z31', 'Klinik', 'BRG0010', 'PARACETAMOL', 'BRND010', 208, 'SLCYL', 'BOTOL', 67, '6940.30', 'IDR'),
('IN6263', '01-31-2022', 'CUST55452', 'APOTEK SINAR JAYA', 'TA', 'CAB01', 'Bekasi', 'Z32', 'Apotek', 'BRG0003', 'AMPICILLIN', 'BRND003', 210, 'MARCKS', 'BOTOL', 130, '9999.99', 'IDR'),
('IN6264', '06-14-2022', 'CUST55690', 'APOTEK MERDEKA', 'EPM', 'CAB03', 'Bandung', 'Z32', 'Apotek', 'BRG0001', 'ACYCLOVIR DUS', 'BRND001', 206, 'OGB & PH', 'DUS', 15, '1169.91', 'IDR'),
('IN6265', '04-30-2022', 'CUST55698', 'APOTEK MERDEKA', 'TD', 'CAB07', 'Bandung', 'Z32', 'Apotek', 'BRG0009', 'AMBROXOL HC', 'BRND009', 207, 'VNS', 'BOTOL', 25, '5780.70', 'IDR'),
('IN6266', '02-01-2022', 'CUST55531', 'APOTEK MAJA', 'EPM', 'CAB05', 'Kuningan', 'Z32', 'Apotek', 'BRG0002', 'ALERGINE TABLET SALUT', 'BRND002', 203, 'ETIKAL', 'DUS', 34, '2337.50', 'IDR'),
('IN6267', '02-01-2022', 'CUST55459', 'KLINIK SAHABAT', 'TA', 'CAB08', 'Tangerang', 'Z31', 'Klinik', 'BRG0010', 'PARACETAMOL', 'BRND010', 208, 'SLCYL', 'BOTOL', 8, '6940.30', 'IDR'),
('IN6268', '06-16-2022', 'CUST55692', 'APOTEK SINAR JAYA', 'TA', 'CAB01', 'Bekasi', 'Z32', 'Apotek', 'BRG0003', 'AMPICILLIN', 'BRND003', 210, 'MARCKS', 'BOTOL', 25, '9999.99', 'IDR'),
('IN6269', '02-01-2022', 'CUST55453', 'APOTEK SAHABAT', 'EPM', 'CAB02', 'Padang', 'Z32', 'Apotek', 'BRG0004', 'TRAMADOL KAPSUL 50 MG', 'BRND004', 201, 'VNS', 'KAPSUL', 12, '8700.70', 'IDR'),
('IN6270', '05-03-2022', 'CUST55696', 'APOTEK MAJA', 'EPM', 'CAB05', 'Kuningan', 'Z32', 'Apotek', 'BRG0007', 'ERGOTAMINE COFFEINE', 'BRND007', 206, 'ETIKAL', 'BOTOL', 19, '4592.10', 'IDR'),
('IN6271', '04-03-2022', 'CUST55604', 'KLINIK DR. ANDRI', 'TA', 'CAB03', 'Lampung', 'Z31', 'Klinik', 'BRG0005', 'KLORPROMAZINA TABLET SALUT SELAPUT 100 MG', 'BRND005', 203, 'SLCYL', 'TABLET', 22, '5648.30', 'IDR'),
('IN6272', '05-19-2022', 'CUST55650', 'APOTEK TAPAK', 'TD', 'CAB04', 'Aceh', 'Z32', 'Apotek', 'BRG0001', 'ACYCLOVIR DUS', 'BRND001', 206, 'OGB & PH', 'DUS', 98, '1169.91', 'IDR'),
('IN6273', '05-03-2022', 'CUST55634', 'KLINIK DR. ANDRI', 'TD', 'CAB03', 'Lampung', 'Z31', 'Klinik', 'BRG0005', 'KLORPROMAZINA TABLET SALUT SELAPUT 100 MG', 'BRND005', 203, 'SLCYL', 'TABLET', 79, '5648.30', 'IDR'),
('IN6274', '02-01-2022', 'CUST55423', 'APOTEK SAHABAT', 'EPM', 'CAB02', 'Padang', 'Z32', 'Apotek', 'BRG0004', 'TRAMADOL KAPSUL 50 MG', 'BRND004', 201, 'VNS', 'KAPSUL', 8, '8700.70', 'IDR'),
('IN6275', '02-26-2022', 'CUST55568', 'APOTEK MAJA', 'EPM', 'CAB01', 'Kuningan', 'Z32', 'Apotek', 'BRG0009', 'AMBROXOL HC', 'BRND009', 207, 'VNS', 'BOTOL', 67, '5780.70', 'IDR'),
('IN6276', '01-30-2022', 'CUST55481', 'KLINIK SAHABAT', 'TD', 'CAB01', 'Tangerang', 'Z31', 'Klinik', 'BRG0002', 'ALERGINE TABLET SALUT', 'BRND002', 203, 'ETIKAL', 'DUS', 1, '2337.50', 'IDR'),
('IN6277', '04-28-2022', 'CUST55629', 'KLINIK GM', 'EPM', 'CAB02', 'Jakarta', 'Z31', 'Klinik', 'BRG0010', 'PARACETAMOL', 'BRND010', 208, 'SLCYL', 'BOTOL', 34, '6940.30', 'IDR'),
('IN6278', '01-30-2022', 'CUST55499', 'KLINIK DR. ANDRI', 'TD', 'CAB03', 'Lampung', 'Z31', 'Klinik', 'BRG0004', 'TRAMADOL KAPSUL 50 MG', 'BRND010', 201, 'SLCYL', 'KAPSUL', 14, '6940.30', 'IDR'),
('IN6279', '01-30-2022', 'CUST55529', 'KLINIK DR. ANDRI', 'TD', 'CAB03', 'Lampung', 'Z31', 'Klinik', 'BRG0004', 'TRAMADOL KAPSUL 50 MG', 'BRND010', 201, 'SLCYL', 'KAPSUL', 20, '6940.30', 'IDR'),
('IN6280', '01-23-2022', 'CUST55384', 'KLINIK SAHABAT', 'TD', 'CAB04', 'Tangerang', 'Z31', 'Klinik', 'BRG0005', 'KLORPROMAZINA TABLET SALUT SELAPUT 100 MG', 'BRND005', 203, 'SLCYL', 'TABLET', 1, '5648.30', 'IDR'),
('IN6281', '01-30-2022', 'CUST55415', 'APOTEK SINAR JAYA', 'TA', 'CAB09', 'Bekasi', 'Z32', 'Apotek', 'BRG0006', 'KETOCONAZOLE TABLET 200 MG', 'BRND006', 205, 'OGB & PH', 'TABLET', 10, '2819.20', 'IDR'),
('IN6282', '05-28-2022', 'CUST55673', 'APOTEK MAJA', 'EPM', 'CAB01', 'Kuningan', 'Z32', 'Apotek', 'BRG0004', 'TRAMADOL KAPSUL 50 MG', 'BRND004', 201, 'VNS', 'KAPSUL', 9, '8700.70', 'IDR'),
('IN6283', '05-19-2022', 'CUST55664', 'KLINIK DR. ANDRI', 'TD', 'CAB03', 'Lampung', 'Z31', 'Klinik', 'BRG0005', 'KLORPROMAZINA TABLET SALUT SELAPUT 100 MG', 'BRND005', 203, 'SLCYL', 'TABLET', 10, '5648.30', 'IDR'),
('IN6284', '01-23-2022', 'CUST55540', 'APOTEK MERDEKA', 'TA', 'CAB03', 'Bandung', 'Z32', 'Apotek', 'BRG0001', 'ACYCLOVIR DUS', 'BRND001', 206, 'OGB & PH', 'DUS', 76, '1169.91', 'IDR'),
('IN6285', '05-15-2022', 'CUST55646', 'KLINIK SAHABAT', 'EPM', 'CAB01', 'Tangerang', 'Z31', 'Klinik', 'BRG0001', 'ACYCLOVIR DUS', 'BRND007', 206, 'ETIKAL', 'DUS', 130, '4592.10', 'IDR'),
('IN6286', '01-23-2022', 'CUST55468', 'APOTEK SAHABAT', 'TD', 'CAB02', 'Padang', 'Z32', 'Apotek', 'BRG0003', 'AMPICILLIN', 'BRND009', 210, 'VNS', 'BOTOL', 120, '5780.70', 'IDR'),
('IN6287', '01-30-2022', 'CUST55391', 'KLINIK SAHABAT', 'TD', 'CAB01', 'Tangerang', 'Z31', 'Klinik', 'BRG0002', 'ALERGINE TABLET SALUT', 'BRND002', 203, 'ETIKAL', 'DUS', 17, '2337.50', 'IDR'),
('IN6288', '06-06-2022', 'CUST55682', 'KLINIK GM', 'TA', 'CAB06', 'Jakarta', 'Z31', 'Klinik', 'BRG0003', 'AMPICILLIN', 'BRND003', 210, 'MARCKS', 'BOTOL', 17, '9999.99', 'IDR'),
('IN6289', '01-23-2022', 'CUST55492', 'APOTEK TAPAK', 'TD', 'CAB01', 'Aceh', 'Z32', 'Apotek', 'BRG0003', 'AMPICILLIN', 'BRND003', 210, 'MARCKS', 'BOTOL', 25, '9999.99', 'IDR'),
('IN6290', '03-22-2022', 'CUST55592', 'KLINIK GM', 'EPM', 'CAB06', 'Jakarta', 'Z31', 'Klinik', 'BRG0003', 'AMPICILLIN', 'BRND003', 210, 'MARCKS', 'BOTOL', 67, '9999.99', 'IDR'),
('IN6291', '02-01-2022', 'CUST55489', 'KLINIK SAHABAT', 'TD', 'CAB08', 'Tangerang', 'Z31', 'Klinik', 'BRG0010', 'PARACETAMOL', 'BRND010', 208, 'SLCYL', 'BOTOL', 11, '6940.30', 'IDR'),
('IN6292', '01-28-2022', 'CUST55467', 'APOTEK SINAR JAYA', 'EPM', 'CAB01', 'Bekasi', 'Z32', 'Apotek', 'BRG0002', 'ALERGINE TABLET SALUT', 'BRND008', 203, 'MARCKS', 'DUS', 10, '3991.90', 'IDR'),
('IN6293', '02-01-2022', 'CUST55519', 'KLINIK SAHABAT', 'TD', 'CAB08', 'Tangerang', 'Z31', 'Klinik', 'BRG0010', 'PARACETAMOL', 'BRND010', 208, 'SLCYL', 'BOTOL', 4, '6940.30', 'IDR'),
('IN6294', '05-03-2022', 'CUST55711', 'APOTEK MAJA', 'TD', 'CAB05', 'Kuningan', 'Z32', 'Apotek', 'BRG0002', 'ALERGINE TABLET SALUT', 'BRND002', 203, 'ETIKAL', 'DUS', 98, '2337.50', 'IDR'),
('IN6295', '05-22-2022', 'CUST55653', 'APOTEK MERDEKA', 'EPM', 'CAB07', 'Bandung', 'Z32', 'Apotek', 'BRG0004', 'TRAMADOL KAPSUL 50 MG', 'BRND004', 201, 'VNS', 'KAPSUL', 8, '8700.70', 'IDR'),
('IN6296', '06-09-2022', 'CUST55685', 'APOTEK SINAR JAYA', 'TA', 'CAB09', 'Bekasi', 'Z32', 'Apotek', 'BRG0006', 'KETOCONAZOLE TABLET 200 MG', 'BRND006', 205, 'OGB & PH', 'TABLET', 12, '2819.20', 'IDR'),
('IN6297', '01-20-2022', 'CUST55381', 'APOTEK MAJA', 'TD', 'CAB01', 'Kuningan', 'Z32', 'Apotek', 'BRG0002', 'ALERGINE TABLET SALUT', 'BRND002', 203, 'ETIKAL', 'DUS', 5, '2337.50', 'IDR'),
('IN6298', '05-21-2022', 'CUST55652', 'KLINIK GM', 'TA', 'CAB06', 'Jakarta', 'Z31', 'Klinik', 'BRG0003', 'AMPICILLIN', 'BRND003', 210, 'MARCKS', 'BOTOL', 4, '9999.99', 'IDR'),
('IN6299', '01-27-2022', 'CUST55514', 'KLINIK DR. ANDRI', 'EPM', 'CAB03', 'Lampung', 'Z31', 'Klinik', 'BRG0005', 'KLORPROMAZINA TABLET SALUT SELAPUT 100 MG', 'BRND005', 203, 'SLCYL', 'TABLET', 12, '5648.30', 'IDR'),
('IN6300', '02-01-2022', 'CUST55507', 'APOTEK TAPAK', 'EPM', 'CAB01', 'Aceh', 'Z32', 'Apotek', 'BRG0008', 'TETRACYCLINE KAPSUL 250 MG', 'BRND008', 204, 'MARCKS', 'KAPSUL', 22, '3991.90', 'IDR'),
('IN6301', '02-01-2022', 'CUST55393', 'APOTEK SAHABAT', 'EPM', 'CAB02', 'Padang', 'Z32', 'Apotek', 'BRG0004', 'TRAMADOL KAPSUL 50 MG', 'BRND004', 201, 'VNS', 'KAPSUL', 12, '8700.70', 'IDR'),
('IN6302', '02-23-2022', 'CUST55565', 'APOTEK SINAR JAYA', 'EPM', 'CAB09', 'Bekasi', 'Z32', 'Apotek', 'BRG0006', 'KETOCONAZOLE TABLET 200 MG', 'BRND006', 205, 'OGB & PH', 'TABLET', 120, '2819.20', 'IDR'),
('IN6303', '01-28-2022', 'CUST55539', 'KLINIK GM', 'TD', 'CAB02', 'Jakarta', 'Z31', 'Klinik', 'BRG0010', 'PARACETAMOL', 'BRND010', 208, 'SLCYL', 'BOTOL', 95, '6940.30', 'IDR'),
('IN6304', '04-30-2022', 'CUST55728', 'APOTEK MERDEKA', 'TD', 'CAB07', 'Bandung', 'Z32', 'Apotek', 'BRG0009', 'AMBROXOL HC', 'BRND009', 207, 'VNS', 'BOTOL', 44, '5780.70', 'IDR'),
('IN6305', '01-30-2022', 'CUST55493', 'APOTEK MAJA', 'TA', 'CAB01', 'Kuningan', 'Z32', 'Apotek', 'BRG0004', 'TRAMADOL KAPSUL 50 MG', 'BRND004', 201, 'VNS', 'KAPSUL', 14, '8700.70', 'IDR'),
('IN6306', '01-27-2022', 'CUST55430', 'APOTEK SINAR JAYA', 'EPM', 'CAB09', 'Bekasi', 'Z32', 'Apotek', 'BRG0001', 'ACYCLOVIR DUS', 'BRND001', 206, 'OGB & PH', 'DUS', 45, '1169.91', 'IDR'),
('IN6307', '01-23-2022', 'CUST55396', 'APOTEK MAJA', 'EPM', 'CAB05', 'Kuningan', 'Z32', 'Apotek', 'BRG0007', 'ERGOTAMINE COFFEINE', 'BRND007', 206, 'ETIKAL', 'BOTOL', 14, '4592.10', 'IDR'),
('IN6308', '01-23-2022', 'CUST55516', 'APOTEK MAJA', 'TD', 'CAB05', 'Kuningan', 'Z32', 'Apotek', 'BRG0007', 'ERGOTAMINE COFFEINE', 'BRND007', 206, 'ETIKAL', 'BOTOL', 67, '4592.10', 'IDR'),
('IN6309', '04-26-2022', 'CUST55627', 'APOTEK TAPAK', 'TD', 'CAB01', 'Aceh', 'Z32', 'Apotek', 'BRG0008', 'TETRACYCLINE KAPSUL 250 MG', 'BRND008', 204, 'MARCKS', 'KAPSUL', 45, '3991.90', 'IDR'),
('IN6310', '04-30-2022', 'CUST55693', 'APOTEK SAHABAT', 'EPM', 'CAB02', 'Padang', 'Z32', 'Apotek', 'BRG0004', 'TRAMADOL KAPSUL 50 MG', 'BRND004', 201, 'VNS', 'KAPSUL', 14, '8700.70', 'IDR'),
('IN6311', '01-23-2022', 'CUST55426', 'APOTEK MAJA', 'EPM', 'CAB05', 'Kuningan', 'Z32', 'Apotek', 'BRG0007', 'ERGOTAMINE COFFEINE', 'BRND007', 206, 'ETIKAL', 'BOTOL', 7, '4592.10', 'IDR'),
('IN6312', '05-02-2022', 'CUST55725', 'APOTEK TAPAK', 'TD', 'CAB04', 'Aceh', 'Z32', 'Apotek', 'BRG0006', 'KETOCONAZOLE TABLET 200 MG', 'BRND006', 205, 'OGB & PH', 'TABLET', 34, '2819.20', 'IDR'),
('IN6313', '04-20-2022', 'CUST55660', 'APOTEK MERDEKA', 'TD', 'CAB03', 'Bandung', 'Z32', 'Apotek', 'BRG0001', 'ACYCLOVIR DUS', 'BRND001', 206, 'OGB & PH', 'DUS', 24, '1169.91', 'IDR'),
('IN6314', '01-28-2022', 'CUST55527', 'APOTEK SINAR JAYA', 'TA', 'CAB01', 'Bekasi', 'Z32', 'Apotek', 'BRG0002', 'ALERGINE TABLET SALUT', 'BRND008', 203, 'MARCKS', 'DUS', 45, '3991.90', 'IDR'),
('IN6315', '04-21-2022', 'CUST55643', 'APOTEK MAJA', 'TD', 'CAB01', 'Kuningan', 'Z32', 'Apotek', 'BRG0004', 'TRAMADOL KAPSUL 50 MG', 'BRND004', 201, 'VNS', 'KAPSUL', 14, '8700.70', 'IDR'),
('IN6316', '04-19-2022', 'CUST55662', 'APOTEK SINAR JAYA', 'TA', 'CAB01', 'Bekasi', 'Z32', 'Apotek', 'BRG0003', 'AMPICILLIN', 'BRND003', 210, 'MARCKS', 'BOTOL', 120, '9999.99', 'IDR'),
('IN6317', '01-23-2022', 'CUST55522', 'APOTEK TAPAK', 'TD', 'CAB01', 'Aceh', 'Z32', 'Apotek', 'BRG0003', 'AMPICILLIN', 'BRND003', 210, 'MARCKS', 'BOTOL', 10, '9999.99', 'IDR'),
('IN6318', '01-23-2022', 'CUST55462', 'APOTEK TAPAK', 'TD', 'CAB01', 'Aceh', 'Z32', 'Apotek', 'BRG0003', 'AMPICILLIN', 'BRND003', 210, 'MARCKS', 'BOTOL', 22, '9999.99', 'IDR'),
('IN6319', '02-11-2022', 'CUST55553', 'APOTEK MAJA', 'TD', 'CAB01', 'Kuningan', 'Z32', 'Apotek', 'BRG0004', 'TRAMADOL KAPSUL 50 MG', 'BRND004', 201, 'VNS', 'KAPSUL', 98, '8700.70', 'IDR'),
('IN6320', '02-01-2022', 'CUST55495', 'APOTEK MERDEKA', 'TD', 'CAB03', 'Bandung', 'Z32', 'Apotek', 'BRG0006', 'KETOCONAZOLE TABLET 200 MG', 'BRND006', 205, 'OGB & PH', 'TABLET', 67, '2819.20', 'IDR'),
('IN6321', '01-31-2022', 'CUST55410', 'APOTEK TAPAK', 'EPM', 'CAB04', 'Aceh', 'Z32', 'Apotek', 'BRG0001', 'ACYCLOVIR DUS', 'BRND001', 206, 'OGB & PH', 'DUS', 22, '1169.91', 'IDR'),
('IN6322', '01-31-2022', 'CUST55488', 'APOTEK MERDEKA', 'TD', 'CAB07', 'Bandung', 'Z32', 'Apotek', 'BRG0009', 'AMBROXOL HC', 'BRND009', 207, 'VNS', 'BOTOL', 17, '5780.70', 'IDR'),
('IN6323', '01-30-2022', 'CUST55439', 'KLINIK DR. ANDRI', 'TA', 'CAB03', 'Lampung', 'Z31', 'Klinik', 'BRG0004', 'TRAMADOL KAPSUL 50 MG', 'BRND010', 201, 'SLCYL', 'KAPSUL', 6, '6940.30', 'IDR'),
('IN6324', '06-10-2022', 'CUST55686', 'APOTEK SAHABAT', 'EPM', 'CAB10', 'Padang', 'Z32', 'Apotek', 'BRG0007', 'ERGOTAMINE COFFEINE', 'BRND007', 206, 'ETIKAL', 'BOTOL', 25, '4592.10', 'IDR'),
('IN6325', '01-28-2022', 'CUST55521', 'APOTEK SAHABAT', 'EPM', 'CAB10', 'Padang', 'Z32', 'Apotek', 'BRG0002', 'ALERGINE TABLET SALUT', 'BRND002', 203, 'ETIKAL', 'DUS', 9, '2337.50', 'IDR'),
('IN6326', '01-31-2022', 'CUST55458', 'APOTEK MERDEKA', 'TD', 'CAB07', 'Bandung', 'Z32', 'Apotek', 'BRG0009', 'AMBROXOL HC', 'BRND009', 207, 'VNS', 'BOTOL', 4, '5780.70', 'IDR'),
('IN6327', '01-27-2022', 'CUST55448', 'APOTEK MAJA', 'TD', 'CAB01', 'Kuningan', 'Z32', 'Apotek', 'BRG0009', 'AMBROXOL HC', 'BRND009', 207, 'VNS', 'BOTOL', 25, '5780.70', 'IDR');

-- --------------------------------------------------------

--
-- Struktur dari tabel `pelanggan`
--

CREATE TABLE `pelanggan` (
  `id_customer` varchar(45) NOT NULL,
  `level` varchar(45) DEFAULT NULL,
  `nama` varchar(45) DEFAULT NULL,
  `id_cabang_sales` varchar(45) DEFAULT NULL,
  `cabang_sales` varchar(45) DEFAULT NULL,
  `id_group` varchar(45) DEFAULT NULL,
  `group` varchar(45) DEFAULT NULL
) ENGINE=InnoDB DEFAULT CHARSET=utf8;

--
-- Dumping data untuk tabel `pelanggan`
--

INSERT INTO `pelanggan` (`id_customer`, `level`, `nama`, `id_cabang_sales`, `cabang_sales`, `id_group`, `group`) VALUES
('CUST55380', 'Company', 'APOTEK TAPAK', 'CAB01', 'Aceh', 'Z32', 'Apotek'),
('CUST55381', 'Company', 'APOTEK MAJA', 'CAB02', 'Kuningan', 'Z32', 'Apotek'),
('CUST55382', 'Company', 'KLINIK GM', 'CAB03', 'Jakarta', 'Z31', 'Klinik'),
('CUST55383', 'Company', 'APOTEK MERDEKA', 'CAB04', 'Bandung', 'Z32', 'Apotek'),
('CUST55384', 'Company', 'KLINIK SAHABAT', 'CAB05', 'Tangerang', 'Z31', 'Klinik'),
('CUST55385', 'Company', 'APOTEK SINAR JAYA', 'CAB06', 'Bekasi', 'Z32', 'Apotek'),
('CUST55386', 'Company', 'APOTEK SAHABAT', 'CAB07', 'Padang', 'Z32', 'Apotek'),
('CUST55387', 'Company', 'APOTEK TAPAK', 'CAB01', 'Aceh', 'Z32', 'Apotek'),
('CUST55388', 'Company', 'APOTEK MAJA', 'CAB02', 'Kuningan', 'Z32', 'Apotek'),
('CUST55389', 'Company', 'KLINIK GM', 'CAB03', 'Jakarta', 'Z31', 'Klinik'),
('CUST55390', 'Company', 'APOTEK MERDEKA', 'CAB04', 'Bandung', 'Z32', 'Apotek'),
('CUST55391', 'Company', 'KLINIK SAHABAT', 'CAB05', 'Tangerang', 'Z31', 'Klinik'),
('CUST55392', 'Company', 'APOTEK SINAR JAYA', 'CAB06', 'Bekasi', 'Z32', 'Apotek'),
('CUST55393', 'Company', 'APOTEK SAHABAT', 'CAB07', 'Padang', 'Z32', 'Apotek'),
('CUST55394', 'Company', 'KLINIK DR. ANDRI', 'CAB08', 'Lampung', 'Z31', 'Klinik'),
('CUST55395', 'Company', 'APOTEK TAPAK', 'CAB01', 'Aceh', 'Z32', 'Apotek'),
('CUST55396', 'Company', 'APOTEK MAJA', 'CAB02', 'Kuningan', 'Z32', 'Apotek'),
('CUST55397', 'Company', 'KLINIK GM', 'CAB03', 'Jakarta', 'Z31', 'Klinik'),
('CUST55398', 'Company', 'APOTEK MERDEKA', 'CAB04', 'Bandung', 'Z32', 'Apotek'),
('CUST55399', 'Company', 'KLINIK SAHABAT', 'CAB05', 'Tangerang', 'Z31', 'Klinik'),
('CUST55400', 'Company', 'APOTEK SINAR JAYA', 'CAB06', 'Bekasi', 'Z32', 'Apotek'),
('CUST55401', 'Company', 'APOTEK SAHABAT', 'CAB07', 'Padang', 'Z32', 'Apotek'),
('CUST55402', 'Company', 'APOTEK TAPAK', 'CAB01', 'Aceh', 'Z32', 'Apotek'),
('CUST55403', 'Company', 'APOTEK MAJA', 'CAB02', 'Kuningan', 'Z32', 'Apotek'),
('CUST55404', 'Company', 'KLINIK GM', 'CAB03', 'Jakarta', 'Z31', 'Klinik'),
('CUST55405', 'Company', 'APOTEK MERDEKA', 'CAB04', 'Bandung', 'Z32', 'Apotek'),
('CUST55406', 'Company', 'KLINIK SAHABAT', 'CAB05', 'Tangerang', 'Z31', 'Klinik'),
('CUST55407', 'Company', 'APOTEK SINAR JAYA', 'CAB06', 'Bekasi', 'Z32', 'Apotek'),
('CUST55408', 'Company', 'APOTEK SAHABAT', 'CAB07', 'Padang', 'Z32', 'Apotek'),
('CUST55409', 'Company', 'KLINIK DR. ANDRI', 'CAB08', 'Lampung', 'Z31', 'Klinik'),
('CUST55410', 'Company', 'APOTEK TAPAK', 'CAB01', 'Aceh', 'Z32', 'Apotek'),
('CUST55411', 'Company', 'APOTEK MAJA', 'CAB02', 'Kuningan', 'Z32', 'Apotek'),
('CUST55412', 'Company', 'KLINIK GM', 'CAB03', 'Jakarta', 'Z31', 'Klinik'),
('CUST55413', 'Company', 'APOTEK MERDEKA', 'CAB04', 'Bandung', 'Z32', 'Apotek'),
('CUST55414', 'Company', 'KLINIK SAHABAT', 'CAB05', 'Tangerang', 'Z31', 'Klinik'),
('CUST55415', 'Company', 'APOTEK SINAR JAYA', 'CAB06', 'Bekasi', 'Z32', 'Apotek'),
('CUST55416', 'Company', 'APOTEK SAHABAT', 'CAB07', 'Padang', 'Z32', 'Apotek'),
('CUST55417', 'Company', 'APOTEK TAPAK', 'CAB01', 'Aceh', 'Z32', 'Apotek'),
('CUST55418', 'Company', 'APOTEK MAJA', 'CAB02', 'Kuningan', 'Z32', 'Apotek'),
('CUST55419', 'Company', 'KLINIK GM', 'CAB03', 'Jakarta', 'Z31', 'Klinik'),
('CUST55420', 'Company', 'APOTEK MERDEKA', 'CAB04', 'Bandung', 'Z32', 'Apotek'),
('CUST55421', 'Company', 'KLINIK SAHABAT', 'CAB05', 'Tangerang', 'Z31', 'Klinik'),
('CUST55422', 'Company', 'APOTEK SINAR JAYA', 'CAB06', 'Bekasi', 'Z32', 'Apotek'),
('CUST55423', 'Company', 'APOTEK SAHABAT', 'CAB07', 'Padang', 'Z32', 'Apotek'),
('CUST55424', 'Company', 'KLINIK DR. ANDRI', 'CAB08', 'Lampung', 'Z31', 'Klinik'),
('CUST55425', 'Company', 'APOTEK TAPAK', 'CAB01', 'Aceh', 'Z32', 'Apotek'),
('CUST55426', 'Company', 'APOTEK MAJA', 'CAB02', 'Kuningan', 'Z32', 'Apotek'),
('CUST55427', 'Company', 'KLINIK GM', 'CAB03', 'Jakarta', 'Z31', 'Klinik'),
('CUST55428', 'Company', 'APOTEK MERDEKA', 'CAB04', 'Bandung', 'Z32', 'Apotek'),
('CUST55429', 'Company', 'KLINIK SAHABAT', 'CAB05', 'Tangerang', 'Z31', 'Klinik'),
('CUST55430', 'Company', 'APOTEK SINAR JAYA', 'CAB06', 'Bekasi', 'Z32', 'Apotek'),
('CUST55431', 'Company', 'APOTEK SAHABAT', 'CAB07', 'Padang', 'Z32', 'Apotek'),
('CUST55432', 'Company', 'APOTEK TAPAK', 'CAB01', 'Aceh', 'Z32', 'Apotek'),
('CUST55433', 'Company', 'APOTEK MAJA', 'CAB02', 'Kuningan', 'Z32', 'Apotek'),
('CUST55434', 'Company', 'KLINIK GM', 'CAB03', 'Jakarta', 'Z31', 'Klinik'),
('CUST55435', 'Company', 'APOTEK MERDEKA', 'CAB04', 'Bandung', 'Z32', 'Apotek'),
('CUST55436', 'Company', 'KLINIK SAHABAT', 'CAB05', 'Tangerang', 'Z31', 'Klinik'),
('CUST55437', 'Company', 'APOTEK SINAR JAYA', 'CAB06', 'Bekasi', 'Z32', 'Apotek'),
('CUST55438', 'Company', 'APOTEK SAHABAT', 'CAB07', 'Padang', 'Z32', 'Apotek'),
('CUST55439', 'Company', 'KLINIK DR. ANDRI', 'CAB08', 'Lampung', 'Z31', 'Klinik'),
('CUST55440', 'Company', 'APOTEK TAPAK', 'CAB01', 'Aceh', 'Z32', 'Apotek'),
('CUST55441', 'Company', 'APOTEK MAJA', 'CAB02', 'Kuningan', 'Z32', 'Apotek'),
('CUST55442', 'Company', 'KLINIK GM', 'CAB03', 'Jakarta', 'Z31', 'Klinik'),
('CUST55443', 'Company', 'APOTEK MERDEKA', 'CAB04', 'Bandung', 'Z32', 'Apotek'),
('CUST55444', 'Company', 'KLINIK SAHABAT', 'CAB05', 'Tangerang', 'Z31', 'Klinik'),
('CUST55445', 'Company', 'APOTEK SINAR JAYA', 'CAB06', 'Bekasi', 'Z32', 'Apotek'),
('CUST55446', 'Company', 'APOTEK SAHABAT', 'CAB07', 'Padang', 'Z32', 'Apotek'),
('CUST55447', 'Company', 'APOTEK TAPAK', 'CAB01', 'Aceh', 'Z32', 'Apotek'),
('CUST55448', 'Company', 'APOTEK MAJA', 'CAB02', 'Kuningan', 'Z32', 'Apotek'),
('CUST55449', 'Company', 'KLINIK GM', 'CAB03', 'Jakarta', 'Z31', 'Klinik'),
('CUST55450', 'Company', 'APOTEK MERDEKA', 'CAB04', 'Bandung', 'Z32', 'Apotek'),
('CUST55451', 'Company', 'KLINIK SAHABAT', 'CAB05', 'Tangerang', 'Z31', 'Klinik'),
('CUST55452', 'Company', 'APOTEK SINAR JAYA', 'CAB06', 'Bekasi', 'Z32', 'Apotek'),
('CUST55453', 'Company', 'APOTEK SAHABAT', 'CAB07', 'Padang', 'Z32', 'Apotek'),
('CUST55454', 'Company', 'KLINIK DR. ANDRI', 'CAB08', 'Lampung', 'Z31', 'Klinik'),
('CUST55455', 'Company', 'APOTEK TAPAK', 'CAB01', 'Aceh', 'Z32', 'Apotek'),
('CUST55456', 'Company', 'APOTEK MAJA', 'CAB02', 'Kuningan', 'Z32', 'Apotek'),
('CUST55457', 'Company', 'KLINIK GM', 'CAB03', 'Jakarta', 'Z31', 'Klinik'),
('CUST55458', 'Company', 'APOTEK MERDEKA', 'CAB04', 'Bandung', 'Z32', 'Apotek'),
('CUST55459', 'Company', 'KLINIK SAHABAT', 'CAB05', 'Tangerang', 'Z31', 'Klinik'),
('CUST55460', 'Company', 'APOTEK SINAR JAYA', 'CAB06', 'Bekasi', 'Z32', 'Apotek'),
('CUST55461', 'Company', 'APOTEK SAHABAT', 'CAB07', 'Padang', 'Z32', 'Apotek'),
('CUST55462', 'Company', 'APOTEK TAPAK', 'CAB01', 'Aceh', 'Z32', 'Apotek'),
('CUST55463', 'Company', 'APOTEK MAJA', 'CAB02', 'Kuningan', 'Z32', 'Apotek'),
('CUST55464', 'Company', 'KLINIK GM', 'CAB03', 'Jakarta', 'Z31', 'Klinik'),
('CUST55465', 'Company', 'APOTEK MERDEKA', 'CAB04', 'Bandung', 'Z32', 'Apotek'),
('CUST55466', 'Company', 'KLINIK SAHABAT', 'CAB05', 'Tangerang', 'Z31', 'Klinik'),
('CUST55467', 'Company', 'APOTEK SINAR JAYA', 'CAB06', 'Bekasi', 'Z32', 'Apotek'),
('CUST55468', 'Company', 'APOTEK SAHABAT', 'CAB07', 'Padang', 'Z32', 'Apotek'),
('CUST55469', 'Company', 'KLINIK DR. ANDRI', 'CAB08', 'Lampung', 'Z31', 'Klinik'),
('CUST55470', 'Company', 'APOTEK TAPAK', 'CAB01', 'Aceh', 'Z32', 'Apotek'),
('CUST55471', 'Company', 'APOTEK MAJA', 'CAB02', 'Kuningan', 'Z32', 'Apotek'),
('CUST55472', 'Company', 'KLINIK GM', 'CAB03', 'Jakarta', 'Z31', 'Klinik'),
('CUST55473', 'Company', 'APOTEK MERDEKA', 'CAB04', 'Bandung', 'Z32', 'Apotek'),
('CUST55474', 'Company', 'KLINIK SAHABAT', 'CAB05', 'Tangerang', 'Z31', 'Klinik'),
('CUST55475', 'Company', 'APOTEK SINAR JAYA', 'CAB06', 'Bekasi', 'Z32', 'Apotek'),
('CUST55476', 'Company', 'APOTEK SAHABAT', 'CAB07', 'Padang', 'Z32', 'Apotek'),
('CUST55477', 'Company', 'APOTEK TAPAK', 'CAB01', 'Aceh', 'Z32', 'Apotek'),
('CUST55478', 'Company', 'APOTEK MAJA', 'CAB02', 'Kuningan', 'Z32', 'Apotek'),
('CUST55479', 'Company', 'KLINIK GM', 'CAB03', 'Jakarta', 'Z31', 'Klinik'),
('CUST55480', 'Company', 'APOTEK MERDEKA', 'CAB04', 'Bandung', 'Z32', 'Apotek'),
('CUST55481', 'Company', 'KLINIK SAHABAT', 'CAB05', 'Tangerang', 'Z31', 'Klinik'),
('CUST55482', 'Company', 'APOTEK SINAR JAYA', 'CAB06', 'Bekasi', 'Z32', 'Apotek'),
('CUST55483', 'Company', 'APOTEK SAHABAT', 'CAB07', 'Padang', 'Z32', 'Apotek'),
('CUST55484', 'Company', 'KLINIK DR. ANDRI', 'CAB08', 'Lampung', 'Z31', 'Klinik'),
('CUST55485', 'Company', 'APOTEK TAPAK', 'CAB01', 'Aceh', 'Z32', 'Apotek'),
('CUST55486', 'Company', 'APOTEK MAJA', 'CAB02', 'Kuningan', 'Z32', 'Apotek'),
('CUST55487', 'Company', 'KLINIK GM', 'CAB03', 'Jakarta', 'Z31', 'Klinik'),
('CUST55488', 'Company', 'APOTEK MERDEKA', 'CAB04', 'Bandung', 'Z32', 'Apotek'),
('CUST55489', 'Company', 'KLINIK SAHABAT', 'CAB05', 'Tangerang', 'Z31', 'Klinik'),
('CUST55490', 'Company', 'APOTEK SINAR JAYA', 'CAB06', 'Bekasi', 'Z32', 'Apotek'),
('CUST55491', 'Company', 'APOTEK SAHABAT', 'CAB07', 'Padang', 'Z32', 'Apotek'),
('CUST55492', 'Company', 'APOTEK TAPAK', 'CAB01', 'Aceh', 'Z32', 'Apotek'),
('CUST55493', 'Company', 'APOTEK MAJA', 'CAB02', 'Kuningan', 'Z32', 'Apotek'),
('CUST55494', 'Company', 'KLINIK GM', 'CAB03', 'Jakarta', 'Z31', 'Klinik'),
('CUST55495', 'Company', 'APOTEK MERDEKA', 'CAB04', 'Bandung', 'Z32', 'Apotek'),
('CUST55496', 'Company', 'KLINIK SAHABAT', 'CAB05', 'Tangerang', 'Z31', 'Klinik'),
('CUST55497', 'Company', 'APOTEK SINAR JAYA', 'CAB06', 'Bekasi', 'Z32', 'Apotek'),
('CUST55498', 'Company', 'APOTEK SAHABAT', 'CAB07', 'Padang', 'Z32', 'Apotek'),
('CUST55499', 'Company', 'KLINIK DR. ANDRI', 'CAB08', 'Lampung', 'Z31', 'Klinik'),
('CUST55500', 'Company', 'APOTEK TAPAK', 'CAB01', 'Aceh', 'Z32', 'Apotek'),
('CUST55501', 'Company', 'APOTEK MAJA', 'CAB02', 'Kuningan', 'Z32', 'Apotek'),
('CUST55502', 'Company', 'KLINIK GM', 'CAB03', 'Jakarta', 'Z31', 'Klinik'),
('CUST55503', 'Company', 'APOTEK MERDEKA', 'CAB04', 'Bandung', 'Z32', 'Apotek'),
('CUST55504', 'Company', 'KLINIK SAHABAT', 'CAB05', 'Tangerang', 'Z31', 'Klinik'),
('CUST55505', 'Company', 'APOTEK SINAR JAYA', 'CAB06', 'Bekasi', 'Z32', 'Apotek'),
('CUST55506', 'Company', 'APOTEK SAHABAT', 'CAB07', 'Padang', 'Z32', 'Apotek'),
('CUST55507', 'Company', 'APOTEK TAPAK', 'CAB01', 'Aceh', 'Z32', 'Apotek'),
('CUST55508', 'Company', 'APOTEK MAJA', 'CAB02', 'Kuningan', 'Z32', 'Apotek'),
('CUST55509', 'Company', 'KLINIK GM', 'CAB03', 'Jakarta', 'Z31', 'Klinik'),
('CUST55510', 'Company', 'APOTEK MERDEKA', 'CAB04', 'Bandung', 'Z32', 'Apotek'),
('CUST55511', 'Company', 'KLINIK SAHABAT', 'CAB05', 'Tangerang', 'Z31', 'Klinik'),
('CUST55512', 'Company', 'APOTEK SINAR JAYA', 'CAB06', 'Bekasi', 'Z32', 'Apotek'),
('CUST55513', 'Company', 'APOTEK SAHABAT', 'CAB07', 'Padang', 'Z32', 'Apotek'),
('CUST55514', 'Company', 'KLINIK DR. ANDRI', 'CAB08', 'Lampung', 'Z31', 'Klinik'),
('CUST55515', 'Company', 'APOTEK TAPAK', 'CAB01', 'Aceh', 'Z32', 'Apotek'),
('CUST55516', 'Company', 'APOTEK MAJA', 'CAB02', 'Kuningan', 'Z32', 'Apotek'),
('CUST55517', 'Company', 'KLINIK GM', 'CAB03', 'Jakarta', 'Z31', 'Klinik'),
('CUST55518', 'Company', 'APOTEK MERDEKA', 'CAB04', 'Bandung', 'Z32', 'Apotek'),
('CUST55519', 'Company', 'KLINIK SAHABAT', 'CAB05', 'Tangerang', 'Z31', 'Klinik'),
('CUST55520', 'Company', 'APOTEK SINAR JAYA', 'CAB06', 'Bekasi', 'Z32', 'Apotek'),
('CUST55521', 'Company', 'APOTEK SAHABAT', 'CAB07', 'Padang', 'Z32', 'Apotek'),
('CUST55522', 'Company', 'APOTEK TAPAK', 'CAB01', 'Aceh', 'Z32', 'Apotek'),
('CUST55523', 'Company', 'APOTEK MAJA', 'CAB02', 'Kuningan', 'Z32', 'Apotek'),
('CUST55524', 'Company', 'KLINIK GM', 'CAB03', 'Jakarta', 'Z31', 'Klinik'),
('CUST55525', 'Company', 'APOTEK MERDEKA', 'CAB04', 'Bandung', 'Z32', 'Apotek'),
('CUST55526', 'Company', 'KLINIK SAHABAT', 'CAB05', 'Tangerang', 'Z31', 'Klinik'),
('CUST55527', 'Company', 'APOTEK SINAR JAYA', 'CAB06', 'Bekasi', 'Z32', 'Apotek'),
('CUST55528', 'Company', 'APOTEK SAHABAT', 'CAB07', 'Padang', 'Z32', 'Apotek'),
('CUST55529', 'Company', 'KLINIK DR. ANDRI', 'CAB08', 'Lampung', 'Z31', 'Klinik'),
('CUST55530', 'Company', 'APOTEK TAPAK', 'CAB01', 'Aceh', 'Z32', 'Apotek'),
('CUST55531', 'Company', 'APOTEK MAJA', 'CAB02', 'Kuningan', 'Z32', 'Apotek'),
('CUST55532', 'Company', 'KLINIK GM', 'CAB03', 'Jakarta', 'Z31', 'Klinik'),
('CUST55533', 'Company', 'APOTEK MERDEKA', 'CAB04', 'Bandung', 'Z32', 'Apotek'),
('CUST55534', 'Company', 'KLINIK SAHABAT', 'CAB05', 'Tangerang', 'Z31', 'Klinik'),
('CUST55535', 'Company', 'APOTEK SINAR JAYA', 'CAB06', 'Bekasi', 'Z32', 'Apotek'),
('CUST55536', 'Company', 'APOTEK SAHABAT', 'CAB07', 'Padang', 'Z32', 'Apotek'),
('CUST55537', 'Company', 'APOTEK TAPAK', 'CAB01', 'Aceh', 'Z32', 'Apotek'),
('CUST55538', 'Company', 'APOTEK MAJA', 'CAB02', 'Kuningan', 'Z32', 'Apotek'),
('CUST55539', 'Company', 'KLINIK GM', 'CAB03', 'Jakarta', 'Z31', 'Klinik'),
('CUST55540', 'Company', 'APOTEK MERDEKA', 'CAB04', 'Bandung', 'Z32', 'Apotek'),
('CUST55541', 'Company', 'KLINIK SAHABAT', 'CAB05', 'Tangerang', 'Z31', 'Klinik'),
('CUST55542', 'Company', 'APOTEK SINAR JAYA', 'CAB06', 'Bekasi', 'Z32', 'Apotek'),
('CUST55543', 'Company', 'APOTEK SAHABAT', 'CAB07', 'Padang', 'Z32', 'Apotek'),
('CUST55544', 'Company', 'KLINIK DR. ANDRI', 'CAB08', 'Lampung', 'Z31', 'Klinik'),
('CUST55545', 'Company', 'APOTEK TAPAK', 'CAB01', 'Aceh', 'Z32', 'Apotek'),
('CUST55546', 'Company', 'APOTEK MAJA', 'CAB02', 'Kuningan', 'Z32', 'Apotek'),
('CUST55547', 'Company', 'KLINIK GM', 'CAB03', 'Jakarta', 'Z31', 'Klinik'),
('CUST55548', 'Company', 'APOTEK MERDEKA', 'CAB04', 'Bandung', 'Z32', 'Apotek'),
('CUST55549', 'Company', 'KLINIK SAHABAT', 'CAB05', 'Tangerang', 'Z31', 'Klinik'),
('CUST55550', 'Company', 'APOTEK SINAR JAYA', 'CAB06', 'Bekasi', 'Z32', 'Apotek'),
('CUST55551', 'Company', 'APOTEK SAHABAT', 'CAB07', 'Padang', 'Z32', 'Apotek'),
('CUST55552', 'Company', 'APOTEK TAPAK', 'CAB01', 'Aceh', 'Z32', 'Apotek'),
('CUST55553', 'Company', 'APOTEK MAJA', 'CAB02', 'Kuningan', 'Z32', 'Apotek'),
('CUST55554', 'Company', 'KLINIK GM', 'CAB03', 'Jakarta', 'Z31', 'Klinik'),
('CUST55555', 'Company', 'APOTEK MERDEKA', 'CAB04', 'Bandung', 'Z32', 'Apotek'),
('CUST55556', 'Company', 'KLINIK SAHABAT', 'CAB05', 'Tangerang', 'Z31', 'Klinik'),
('CUST55557', 'Company', 'APOTEK SINAR JAYA', 'CAB06', 'Bekasi', 'Z32', 'Apotek'),
('CUST55558', 'Company', 'APOTEK SAHABAT', 'CAB07', 'Padang', 'Z32', 'Apotek'),
('CUST55559', 'Company', 'KLINIK DR. ANDRI', 'CAB08', 'Lampung', 'Z31', 'Klinik'),
('CUST55560', 'Company', 'APOTEK TAPAK', 'CAB01', 'Aceh', 'Z32', 'Apotek'),
('CUST55561', 'Company', 'APOTEK MAJA', 'CAB02', 'Kuningan', 'Z32', 'Apotek'),
('CUST55562', 'Company', 'KLINIK GM', 'CAB03', 'Jakarta', 'Z31', 'Klinik'),
('CUST55563', 'Company', 'APOTEK MERDEKA', 'CAB04', 'Bandung', 'Z32', 'Apotek'),
('CUST55564', 'Company', 'KLINIK SAHABAT', 'CAB05', 'Tangerang', 'Z31', 'Klinik'),
('CUST55565', 'Company', 'APOTEK SINAR JAYA', 'CAB06', 'Bekasi', 'Z32', 'Apotek'),
('CUST55566', 'Company', 'APOTEK SAHABAT', 'CAB07', 'Padang', 'Z32', 'Apotek'),
('CUST55567', 'Company', 'APOTEK TAPAK', 'CAB01', 'Aceh', 'Z32', 'Apotek'),
('CUST55568', 'Company', 'APOTEK MAJA', 'CAB02', 'Kuningan', 'Z32', 'Apotek'),
('CUST55569', 'Company', 'KLINIK GM', 'CAB03', 'Jakarta', 'Z31', 'Klinik'),
('CUST55570', 'Company', 'APOTEK MERDEKA', 'CAB04', 'Bandung', 'Z32', 'Apotek'),
('CUST55571', 'Company', 'KLINIK SAHABAT', 'CAB05', 'Tangerang', 'Z31', 'Klinik'),
('CUST55572', 'Company', 'APOTEK SINAR JAYA', 'CAB06', 'Bekasi', 'Z32', 'Apotek'),
('CUST55573', 'Company', 'APOTEK SAHABAT', 'CAB07', 'Padang', 'Z32', 'Apotek'),
('CUST55574', 'Company', 'KLINIK DR. ANDRI', 'CAB08', 'Lampung', 'Z31', 'Klinik'),
('CUST55575', 'Company', 'APOTEK TAPAK', 'CAB01', 'Aceh', 'Z32', 'Apotek'),
('CUST55576', 'Company', 'APOTEK MAJA', 'CAB02', 'Kuningan', 'Z32', 'Apotek'),
('CUST55577', 'Company', 'KLINIK GM', 'CAB03', 'Jakarta', 'Z31', 'Klinik'),
('CUST55578', 'Company', 'APOTEK MERDEKA', 'CAB04', 'Bandung', 'Z32', 'Apotek'),
('CUST55579', 'Company', 'KLINIK SAHABAT', 'CAB05', 'Tangerang', 'Z31', 'Klinik'),
('CUST55580', 'Company', 'APOTEK SINAR JAYA', 'CAB06', 'Bekasi', 'Z32', 'Apotek'),
('CUST55581', 'Company', 'APOTEK SAHABAT', 'CAB07', 'Padang', 'Z32', 'Apotek'),
('CUST55582', 'Company', 'APOTEK TAPAK', 'CAB01', 'Aceh', 'Z32', 'Apotek'),
('CUST55583', 'Company', 'APOTEK MAJA', 'CAB02', 'Kuningan', 'Z32', 'Apotek'),
('CUST55584', 'Company', 'KLINIK GM', 'CAB03', 'Jakarta', 'Z31', 'Klinik'),
('CUST55585', 'Company', 'APOTEK MERDEKA', 'CAB04', 'Bandung', 'Z32', 'Apotek'),
('CUST55586', 'Company', 'KLINIK SAHABAT', 'CAB05', 'Tangerang', 'Z31', 'Klinik'),
('CUST55587', 'Company', 'APOTEK SINAR JAYA', 'CAB06', 'Bekasi', 'Z32', 'Apotek'),
('CUST55588', 'Company', 'APOTEK SAHABAT', 'CAB07', 'Padang', 'Z32', 'Apotek'),
('CUST55589', 'Company', 'KLINIK DR. ANDRI', 'CAB08', 'Lampung', 'Z31', 'Klinik'),
('CUST55590', 'Company', 'APOTEK TAPAK', 'CAB01', 'Aceh', 'Z32', 'Apotek'),
('CUST55591', 'Company', 'APOTEK MAJA', 'CAB02', 'Kuningan', 'Z32', 'Apotek'),
('CUST55592', 'Company', 'KLINIK GM', 'CAB03', 'Jakarta', 'Z31', 'Klinik'),
('CUST55593', 'Company', 'APOTEK MERDEKA', 'CAB04', 'Bandung', 'Z32', 'Apotek'),
('CUST55594', 'Company', 'KLINIK SAHABAT', 'CAB05', 'Tangerang', 'Z31', 'Klinik'),
('CUST55595', 'Company', 'APOTEK SINAR JAYA', 'CAB06', 'Bekasi', 'Z32', 'Apotek'),
('CUST55596', 'Company', 'APOTEK SAHABAT', 'CAB07', 'Padang', 'Z32', 'Apotek'),
('CUST55597', 'Company', 'APOTEK TAPAK', 'CAB01', 'Aceh', 'Z32', 'Apotek'),
('CUST55598', 'Company', 'APOTEK MAJA', 'CAB02', 'Kuningan', 'Z32', 'Apotek'),
('CUST55599', 'Company', 'KLINIK GM', 'CAB03', 'Jakarta', 'Z31', 'Klinik'),
('CUST55600', 'Company', 'APOTEK MERDEKA', 'CAB04', 'Bandung', 'Z32', 'Apotek'),
('CUST55601', 'Company', 'KLINIK SAHABAT', 'CAB05', 'Tangerang', 'Z31', 'Klinik'),
('CUST55602', 'Company', 'APOTEK SINAR JAYA', 'CAB06', 'Bekasi', 'Z32', 'Apotek'),
('CUST55603', 'Company', 'APOTEK SAHABAT', 'CAB07', 'Padang', 'Z32', 'Apotek'),
('CUST55604', 'Company', 'KLINIK DR. ANDRI', 'CAB08', 'Lampung', 'Z31', 'Klinik'),
('CUST55605', 'Company', 'APOTEK TAPAK', 'CAB01', 'Aceh', 'Z32', 'Apotek'),
('CUST55606', 'Company', 'APOTEK MAJA', 'CAB02', 'Kuningan', 'Z32', 'Apotek'),
('CUST55607', 'Company', 'KLINIK GM', 'CAB03', 'Jakarta', 'Z31', 'Klinik'),
('CUST55608', 'Company', 'APOTEK MERDEKA', 'CAB04', 'Bandung', 'Z32', 'Apotek'),
('CUST55609', 'Company', 'KLINIK SAHABAT', 'CAB05', 'Tangerang', 'Z31', 'Klinik'),
('CUST55610', 'Company', 'APOTEK SINAR JAYA', 'CAB06', 'Bekasi', 'Z32', 'Apotek'),
('CUST55611', 'Company', 'APOTEK SAHABAT', 'CAB07', 'Padang', 'Z32', 'Apotek'),
('CUST55612', 'Company', 'APOTEK TAPAK', 'CAB01', 'Aceh', 'Z32', 'Apotek'),
('CUST55613', 'Company', 'APOTEK MAJA', 'CAB02', 'Kuningan', 'Z32', 'Apotek'),
('CUST55614', 'Company', 'KLINIK GM', 'CAB03', 'Jakarta', 'Z31', 'Klinik'),
('CUST55615', 'Company', 'APOTEK MERDEKA', 'CAB04', 'Bandung', 'Z32', 'Apotek'),
('CUST55616', 'Company', 'KLINIK SAHABAT', 'CAB05', 'Tangerang', 'Z31', 'Klinik'),
('CUST55617', 'Company', 'APOTEK SINAR JAYA', 'CAB06', 'Bekasi', 'Z32', 'Apotek'),
('CUST55618', 'Company', 'APOTEK SAHABAT', 'CAB07', 'Padang', 'Z32', 'Apotek'),
('CUST55619', 'Company', 'KLINIK DR. ANDRI', 'CAB08', 'Lampung', 'Z31', 'Klinik'),
('CUST55620', 'Company', 'APOTEK TAPAK', 'CAB01', 'Aceh', 'Z32', 'Apotek'),
('CUST55621', 'Company', 'APOTEK MAJA', 'CAB02', 'Kuningan', 'Z32', 'Apotek'),
('CUST55622', 'Company', 'KLINIK GM', 'CAB03', 'Jakarta', 'Z31', 'Klinik'),
('CUST55623', 'Company', 'APOTEK MERDEKA', 'CAB04', 'Bandung', 'Z32', 'Apotek'),
('CUST55624', 'Company', 'KLINIK SAHABAT', 'CAB05', 'Tangerang', 'Z31', 'Klinik'),
('CUST55625', 'Company', 'APOTEK SINAR JAYA', 'CAB06', 'Bekasi', 'Z32', 'Apotek'),
('CUST55626', 'Company', 'APOTEK SAHABAT', 'CAB07', 'Padang', 'Z32', 'Apotek'),
('CUST55627', 'Company', 'APOTEK TAPAK', 'CAB01', 'Aceh', 'Z32', 'Apotek'),
('CUST55628', 'Company', 'APOTEK MAJA', 'CAB02', 'Kuningan', 'Z32', 'Apotek'),
('CUST55629', 'Company', 'KLINIK GM', 'CAB03', 'Jakarta', 'Z31', 'Klinik'),
('CUST55630', 'Company', 'APOTEK MERDEKA', 'CAB04', 'Bandung', 'Z32', 'Apotek'),
('CUST55631', 'Company', 'KLINIK SAHABAT', 'CAB05', 'Tangerang', 'Z31', 'Klinik'),
('CUST55632', 'Company', 'APOTEK SINAR JAYA', 'CAB06', 'Bekasi', 'Z32', 'Apotek'),
('CUST55633', 'Company', 'APOTEK SAHABAT', 'CAB07', 'Padang', 'Z32', 'Apotek'),
('CUST55634', 'Company', 'KLINIK DR. ANDRI', 'CAB08', 'Lampung', 'Z31', 'Klinik'),
('CUST55635', 'Company', 'APOTEK TAPAK', 'CAB01', 'Aceh', 'Z32', 'Apotek'),
('CUST55636', 'Company', 'APOTEK MAJA', 'CAB02', 'Kuningan', 'Z32', 'Apotek'),
('CUST55637', 'Company', 'KLINIK GM', 'CAB03', 'Jakarta', 'Z31', 'Klinik'),
('CUST55638', 'Company', 'APOTEK MERDEKA', 'CAB04', 'Bandung', 'Z32', 'Apotek'),
('CUST55639', 'Company', 'KLINIK SAHABAT', 'CAB05', 'Tangerang', 'Z31', 'Klinik'),
('CUST55640', 'Company', 'APOTEK SINAR JAYA', 'CAB06', 'Bekasi', 'Z32', 'Apotek'),
('CUST55641', 'Company', 'APOTEK SAHABAT', 'CAB07', 'Padang', 'Z32', 'Apotek'),
('CUST55642', 'Company', 'APOTEK TAPAK', 'CAB01', 'Aceh', 'Z32', 'Apotek'),
('CUST55643', 'Company', 'APOTEK MAJA', 'CAB02', 'Kuningan', 'Z32', 'Apotek'),
('CUST55644', 'Company', 'KLINIK GM', 'CAB03', 'Jakarta', 'Z31', 'Klinik'),
('CUST55645', 'Company', 'APOTEK MERDEKA', 'CAB04', 'Bandung', 'Z32', 'Apotek'),
('CUST55646', 'Company', 'KLINIK SAHABAT', 'CAB05', 'Tangerang', 'Z31', 'Klinik'),
('CUST55647', 'Company', 'APOTEK SINAR JAYA', 'CAB06', 'Bekasi', 'Z32', 'Apotek'),
('CUST55648', 'Company', 'APOTEK SAHABAT', 'CAB07', 'Padang', 'Z32', 'Apotek'),
('CUST55649', 'Company', 'KLINIK DR. ANDRI', 'CAB08', 'Lampung', 'Z31', 'Klinik'),
('CUST55650', 'Company', 'APOTEK TAPAK', 'CAB01', 'Aceh', 'Z32', 'Apotek'),
('CUST55651', 'Company', 'APOTEK MAJA', 'CAB02', 'Kuningan', 'Z32', 'Apotek'),
('CUST55652', 'Company', 'KLINIK GM', 'CAB03', 'Jakarta', 'Z31', 'Klinik'),
('CUST55653', 'Company', 'APOTEK MERDEKA', 'CAB04', 'Bandung', 'Z32', 'Apotek'),
('CUST55654', 'Company', 'KLINIK SAHABAT', 'CAB05', 'Tangerang', 'Z31', 'Klinik'),
('CUST55655', 'Company', 'APOTEK SINAR JAYA', 'CAB06', 'Bekasi', 'Z32', 'Apotek'),
('CUST55656', 'Company', 'APOTEK SAHABAT', 'CAB07', 'Padang', 'Z32', 'Apotek'),
('CUST55657', 'Company', 'APOTEK TAPAK', 'CAB01', 'Aceh', 'Z32', 'Apotek'),
('CUST55658', 'Company', 'APOTEK MAJA', 'CAB02', 'Kuningan', 'Z32', 'Apotek'),
('CUST55659', 'Company', 'KLINIK GM', 'CAB03', 'Jakarta', 'Z31', 'Klinik'),
('CUST55660', 'Company', 'APOTEK MERDEKA', 'CAB04', 'Bandung', 'Z32', 'Apotek'),
('CUST55661', 'Company', 'KLINIK SAHABAT', 'CAB05', 'Tangerang', 'Z31', 'Klinik'),
('CUST55662', 'Company', 'APOTEK SINAR JAYA', 'CAB06', 'Bekasi', 'Z32', 'Apotek'),
('CUST55663', 'Company', 'APOTEK SAHABAT', 'CAB07', 'Padang', 'Z32', 'Apotek'),
('CUST55664', 'Company', 'KLINIK DR. ANDRI', 'CAB08', 'Lampung', 'Z31', 'Klinik'),
('CUST55665', 'Company', 'APOTEK TAPAK', 'CAB01', 'Aceh', 'Z32', 'Apotek'),
('CUST55666', 'Company', 'APOTEK MAJA', 'CAB02', 'Kuningan', 'Z32', 'Apotek'),
('CUST55667', 'Company', 'KLINIK GM', 'CAB03', 'Jakarta', 'Z31', 'Klinik'),
('CUST55668', 'Company', 'APOTEK MERDEKA', 'CAB04', 'Bandung', 'Z32', 'Apotek'),
('CUST55669', 'Company', 'KLINIK SAHABAT', 'CAB05', 'Tangerang', 'Z31', 'Klinik'),
('CUST55670', 'Company', 'APOTEK SINAR JAYA', 'CAB06', 'Bekasi', 'Z32', 'Apotek'),
('CUST55671', 'Company', 'APOTEK SAHABAT', 'CAB07', 'Padang', 'Z32', 'Apotek'),
('CUST55672', 'Company', 'APOTEK TAPAK', 'CAB01', 'Aceh', 'Z32', 'Apotek'),
('CUST55673', 'Company', 'APOTEK MAJA', 'CAB02', 'Kuningan', 'Z32', 'Apotek'),
('CUST55674', 'Company', 'KLINIK GM', 'CAB03', 'Jakarta', 'Z31', 'Klinik'),
('CUST55675', 'Company', 'APOTEK MERDEKA', 'CAB04', 'Bandung', 'Z32', 'Apotek'),
('CUST55676', 'Company', 'KLINIK SAHABAT', 'CAB05', 'Tangerang', 'Z31', 'Klinik'),
('CUST55677', 'Company', 'APOTEK SINAR JAYA', 'CAB06', 'Bekasi', 'Z32', 'Apotek'),
('CUST55678', 'Company', 'APOTEK SAHABAT', 'CAB07', 'Padang', 'Z32', 'Apotek'),
('CUST55679', 'Company', 'KLINIK DR. ANDRI', 'CAB08', 'Lampung', 'Z31', 'Klinik'),
('CUST55680', 'Company', 'APOTEK TAPAK', 'CAB01', 'Aceh', 'Z32', 'Apotek'),
('CUST55681', 'Company', 'APOTEK MAJA', 'CAB02', 'Kuningan', 'Z32', 'Apotek'),
('CUST55682', 'Company', 'KLINIK GM', 'CAB03', 'Jakarta', 'Z31', 'Klinik'),
('CUST55683', 'Company', 'APOTEK MERDEKA', 'CAB04', 'Bandung', 'Z32', 'Apotek'),
('CUST55684', 'Company', 'KLINIK SAHABAT', 'CAB05', 'Tangerang', 'Z31', 'Klinik'),
('CUST55685', 'Company', 'APOTEK SINAR JAYA', 'CAB06', 'Bekasi', 'Z32', 'Apotek'),
('CUST55686', 'Company', 'APOTEK SAHABAT', 'CAB07', 'Padang', 'Z32', 'Apotek'),
('CUST55687', 'Company', 'APOTEK TAPAK', 'CAB01', 'Aceh', 'Z32', 'Apotek'),
('CUST55688', 'Company', 'APOTEK MAJA', 'CAB02', 'Kuningan', 'Z32', 'Apotek'),
('CUST55689', 'Company', 'KLINIK GM', 'CAB03', 'Jakarta', 'Z31', 'Klinik'),
('CUST55690', 'Company', 'APOTEK MERDEKA', 'CAB04', 'Bandung', 'Z32', 'Apotek'),
('CUST55691', 'Company', 'KLINIK SAHABAT', 'CAB05', 'Tangerang', 'Z31', 'Klinik'),
('CUST55692', 'Company', 'APOTEK SINAR JAYA', 'CAB06', 'Bekasi', 'Z32', 'Apotek'),
('CUST55693', 'Company', 'APOTEK SAHABAT', 'CAB07', 'Padang', 'Z32', 'Apotek'),
('CUST55694', 'Company', 'KLINIK DR. ANDRI', 'CAB08', 'Lampung', 'Z31', 'Klinik'),
('CUST55695', 'Company', 'APOTEK TAPAK', 'CAB01', 'Aceh', 'Z32', 'Apotek'),
('CUST55696', 'Company', 'APOTEK MAJA', 'CAB02', 'Kuningan', 'Z32', 'Apotek'),
('CUST55697', 'Company', 'KLINIK GM', 'CAB03', 'Jakarta', 'Z31', 'Klinik'),
('CUST55698', 'Company', 'APOTEK MERDEKA', 'CAB04', 'Bandung', 'Z32', 'Apotek'),
('CUST55699', 'Company', 'KLINIK SAHABAT', 'CAB05', 'Tangerang', 'Z31', 'Klinik'),
('CUST55700', 'Company', 'APOTEK SINAR JAYA', 'CAB06', 'Bekasi', 'Z32', 'Apotek'),
('CUST55701', 'Company', 'APOTEK SAHABAT', 'CAB07', 'Padang', 'Z32', 'Apotek'),
('CUST55702', 'Company', 'APOTEK TAPAK', 'CAB01', 'Aceh', 'Z32', 'Apotek'),
('CUST55703', 'Company', 'APOTEK MAJA', 'CAB02', 'Kuningan', 'Z32', 'Apotek'),
('CUST55704', 'Company', 'KLINIK GM', 'CAB03', 'Jakarta', 'Z31', 'Klinik'),
('CUST55705', 'Company', 'APOTEK MERDEKA', 'CAB04', 'Bandung', 'Z32', 'Apotek'),
('CUST55706', 'Company', 'KLINIK SAHABAT', 'CAB05', 'Tangerang', 'Z31', 'Klinik'),
('CUST55707', 'Company', 'APOTEK SINAR JAYA', 'CAB06', 'Bekasi', 'Z32', 'Apotek'),
('CUST55708', 'Company', 'APOTEK SAHABAT', 'CAB07', 'Padang', 'Z32', 'Apotek'),
('CUST55709', 'Company', 'KLINIK DR. ANDRI', 'CAB08', 'Lampung', 'Z31', 'Klinik'),
('CUST55710', 'Company', 'APOTEK TAPAK', 'CAB01', 'Aceh', 'Z32', 'Apotek'),
('CUST55711', 'Company', 'APOTEK MAJA', 'CAB02', 'Kuningan', 'Z32', 'Apotek'),
('CUST55712', 'Company', 'KLINIK GM', 'CAB03', 'Jakarta', 'Z31', 'Klinik'),
('CUST55713', 'Company', 'APOTEK MERDEKA', 'CAB04', 'Bandung', 'Z32', 'Apotek'),
('CUST55714', 'Company', 'KLINIK SAHABAT', 'CAB05', 'Tangerang', 'Z31', 'Klinik'),
('CUST55715', 'Company', 'APOTEK SINAR JAYA', 'CAB06', 'Bekasi', 'Z32', 'Apotek'),
('CUST55716', 'Company', 'APOTEK SAHABAT', 'CAB07', 'Padang', 'Z32', 'Apotek'),
('CUST55717', 'Company', 'APOTEK TAPAK', 'CAB01', 'Aceh', 'Z32', 'Apotek'),
('CUST55718', 'Company', 'APOTEK MAJA', 'CAB02', 'Kuningan', 'Z32', 'Apotek'),
('CUST55719', 'Company', 'KLINIK GM', 'CAB03', 'Jakarta', 'Z31', 'Klinik'),
('CUST55720', 'Company', 'APOTEK MERDEKA', 'CAB04', 'Bandung', 'Z32', 'Apotek'),
('CUST55721', 'Company', 'KLINIK SAHABAT', 'CAB05', 'Tangerang', 'Z31', 'Klinik'),
('CUST55722', 'Company', 'APOTEK SINAR JAYA', 'CAB06', 'Bekasi', 'Z32', 'Apotek'),
('CUST55723', 'Company', 'APOTEK SAHABAT', 'CAB07', 'Padang', 'Z32', 'Apotek'),
('CUST55724', 'Company', 'KLINIK DR. ANDRI', 'CAB08', 'Lampung', 'Z31', 'Klinik'),
('CUST55725', 'Company', 'APOTEK TAPAK', 'CAB01', 'Aceh', 'Z32', 'Apotek'),
('CUST55726', 'Company', 'APOTEK MAJA', 'CAB02', 'Kuningan', 'Z32', 'Apotek'),
('CUST55727', 'Company', 'KLINIK GM', 'CAB03', 'Jakarta', 'Z31', 'Klinik'),
('CUST55728', 'Company', 'APOTEK MERDEKA', 'CAB04', 'Bandung', 'Z32', 'Apotek'),
('CUST55729', 'Company', 'KLINIK SAHABAT', 'CAB05', 'Tangerang', 'Z31', 'Klinik');

-- --------------------------------------------------------

--
-- Struktur dari tabel `penjualan`
--

CREATE TABLE `penjualan` (
  `id_distributor` varchar(3) DEFAULT NULL,
  `id_cabang` varchar(5) DEFAULT NULL,
  `id_invoice` varchar(6) NOT NULL,
  `tanggal` varchar(10) DEFAULT NULL,
  `id_customer` varchar(9) DEFAULT NULL,
  `id_barang` varchar(7) DEFAULT NULL,
  `jumlah_barang` int(3) DEFAULT NULL,
  `unit` varchar(3) DEFAULT NULL,
  `harga` decimal(6,2) DEFAULT NULL,
  `mata_uang` varchar(3) DEFAULT NULL,
  `brand_id` varchar(7) DEFAULT NULL,
  `lini` varchar(8) DEFAULT NULL
) ENGINE=InnoDB DEFAULT CHARSET=utf8;

--
-- Dumping data untuk tabel `penjualan`
--

INSERT INTO `penjualan` (`id_distributor`, `id_cabang`, `id_invoice`, `tanggal`, `id_customer`, `id_barang`, `jumlah_barang`, `unit`, `harga`, `mata_uang`, `brand_id`, `lini`) VALUES
('TD', 'CAB09', 'IN5978', '05-25-2022', 'CUST55670', 'BRG0001', 9, 'DUS', '1169.91', 'IDR', 'BRND001', 'OGB & PH'),
('TA', 'CAB01', 'IN5979', '03-28-2022', 'CUST55598', 'BRG0009', 18, 'DUS', '5780.70', 'IDR', 'BRND009', 'VNS'),
('TA', 'CAB01', 'IN5980', '01-23-2022', 'CUST55432', 'BRG0003', 20, 'DUS', '9999.99', 'IDR', 'BRND003', 'MARCKS'),
('EPM', 'CAB07', 'IN5981', '01-28-2022', 'CUST55443', 'BRG0004', 76, 'DUS', '8700.70', 'IDR', 'BRND004', 'VNS'),
('TD', 'CAB09', 'IN5982', '01-30-2022', 'CUST55535', 'BRG0006', 5, 'DUS', '2819.20', 'IDR', 'BRND006', 'OGB & PH'),
('EPM', 'CAB06', 'IN5983', '04-21-2022', 'CUST55622', 'BRG0003', 67, 'DUS', '9999.99', 'IDR', 'BRND003', 'MARCKS'),
('TD', 'CAB08', 'IN5984', '05-01-2022', 'CUST55714', 'BRG0005', 8, 'DUS', '5648.30', 'IDR', 'BRND005', 'SLCYL'),
('TD', 'CAB09', 'IN5985', '04-18-2022', 'CUST55640', 'BRG0001', 22, 'DUS', '1169.91', 'IDR', 'BRND001', 'OGB & PH'),
('TA', 'CAB01', 'IN5986', '02-15-2022', 'CUST55557', 'BRG0002', 9, 'DUS', '3991.90', 'IDR', 'BRND008', 'MARCKS'),
('EPM', 'CAB02', 'IN5987', '04-19-2022', 'CUST55659', 'BRG0010', 14, 'DUS', '6940.30', 'IDR', 'BRND010', 'SLCYL'),
('EPM', 'CAB10', 'IN5988', '02-09-2022', 'CUST55551', 'BRG0002', 10, 'DUS', '2337.50', 'IDR', 'BRND002', 'ETIKAL'),
('TA', 'CAB02', 'IN5989', '05-01-2022', 'CUST55719', 'BRG0010', 67, 'DUS', '6940.30', 'IDR', 'BRND010', 'SLCYL'),
('TA', 'CAB01', 'IN5990', '05-03-2022', 'CUST55706', 'BRG0001', 10, 'DUS', '4592.10', 'IDR', 'BRND007', 'ETIKAL'),
('TD', 'CAB08', 'IN5991', '01-23-2022', 'CUST55414', 'BRG0005', 24, 'DUS', '5648.30', 'IDR', 'BRND005', 'SLCYL'),
('EPM', 'CAB01', 'IN5992', '06-16-2022', 'CUST55707', 'BRG0002', 23, 'DUS', '3991.90', 'IDR', 'BRND008', 'MARCKS'),
('TD', 'CAB10', 'IN5993', '05-26-2022', 'CUST55671', 'BRG0002', 1, 'DUS', '2337.50', 'IDR', 'BRND002', 'ETIKAL'),
('TD', 'CAB05', 'IN5994', '02-01-2022', 'CUST55411', 'BRG0002', 12, 'DUS', '2337.50', 'IDR', 'BRND002', 'ETIKAL'),
('TD', 'CAB06', 'IN5995', '04-06-2022', 'CUST55607', 'BRG0008', 14, 'DUS', '3991.90', 'IDR', 'BRND008', 'MARCKS'),
('EPM', 'CAB10', 'IN5996', '05-25-2022', 'CUST55656', 'BRG0007', 22, 'DUS', '4592.10', 'IDR', 'BRND007', 'ETIKAL'),
('TD', 'CAB01', 'IN5997', '01-20-2022', 'CUST55380', 'BRG0001', 1, 'DUS', '1169.91', 'IDR', 'BRND001', 'OGB & PH'),
('TD', 'CAB09', 'IN5998', '04-09-2022', 'CUST55610', 'BRG0001', 23, 'DUS', '1169.91', 'IDR', 'BRND001', 'OGB & PH'),
('EPM', 'CAB01', 'IN5999', '05-01-2022', 'CUST55632', 'BRG0003', 5, 'DUS', '9999.99', 'IDR', 'BRND003', 'MARCKS'),
('EPM', 'CAB01', 'IN6000', '06-16-2022', 'CUST55717', 'BRG0008', 7, 'DUS', '3991.90', 'IDR', 'BRND008', 'MARCKS'),
('TD', 'CAB02', 'IN6001', '04-02-2022', 'CUST55603', 'BRG0004', 21, 'DUS', '8700.70', 'IDR', 'BRND004', 'VNS'),
('TD', 'CAB05', 'IN6002', '02-04-2022', 'CUST55546', 'BRG0007', 14, 'DUS', '4592.10', 'IDR', 'BRND007', 'ETIKAL'),
('TD', 'CAB03', 'IN6003', '01-27-2022', 'CUST55424', 'BRG0005', 9, 'DUS', '5648.30', 'IDR', 'BRND005', 'SLCYL'),
('TA', 'CAB08', 'IN6004', '05-01-2022', 'CUST55729', 'BRG0010', 5, 'DUS', '6940.30', 'IDR', 'BRND010', 'SLCYL'),
('EPM', 'CAB01', 'IN6005', '02-01-2022', 'CUST55447', 'BRG0008', 12, 'DUS', '3991.90', 'IDR', 'BRND008', 'MARCKS'),
('TA', 'CAB02', 'IN6006', '02-12-2022', 'CUST55554', 'BRG0005', 5, 'DUS', '5648.30', 'IDR', 'BRND005', 'SLCYL'),
('TD', 'CAB09', 'IN6007', '05-02-2022', 'CUST55715', 'BRG0006', 9, 'DUS', '2819.20', 'IDR', 'BRND006', 'OGB & PH'),
('TA', 'CAB03', 'IN6008', '01-30-2022', 'CUST55469', 'BRG0004', 12, 'DUS', '6940.30', 'IDR', 'BRND010', 'SLCYL'),
('TD', 'CAB06', 'IN6009', '04-28-2022', 'CUST55637', 'BRG0008', 76, 'DUS', '3991.90', 'IDR', 'BRND008', 'MARCKS'),
('EPM', 'CAB01', 'IN6010', '05-31-2022', 'CUST55676', 'BRG0001', 5, 'DUS', '4592.10', 'IDR', 'BRND007', 'ETIKAL'),
('TA', 'CAB01', 'IN6011', '02-25-2022', 'CUST55567', 'BRG0008', 10, 'DUS', '3991.90', 'IDR', 'BRND008', 'MARCKS'),
('TA', 'CAB06', 'IN6012', '06-16-2022', 'CUST55712', 'BRG0003', 5, 'DUS', '9999.99', 'IDR', 'BRND003', 'MARCKS'),
('TD', 'CAB01', 'IN6013', '01-28-2022', 'CUST55407', 'BRG0002', 25, 'DUS', '3991.90', 'IDR', 'BRND008', 'MARCKS'),
('TA', 'CAB05', 'IN6014', '03-21-2022', 'CUST55591', 'BRG0002', 34, 'DUS', '2337.50', 'IDR', 'BRND002', 'ETIKAL'),
('TD', 'CAB01', 'IN6015', '01-31-2022', 'CUST55482', 'BRG0003', 5, 'DUS', '9999.99', 'IDR', 'BRND003', 'MARCKS'),
('TD', 'CAB08', 'IN6016', '03-09-2022', 'CUST55579', 'BRG0010', 5, 'DUS', '6940.30', 'IDR', 'BRND010', 'SLCYL'),
('TA', 'CAB02', 'IN6017', '02-01-2022', 'CUST55513', 'BRG0004', 23, 'DUS', '8700.70', 'IDR', 'BRND004', 'VNS'),
('EPM', 'CAB01', 'IN6018', '04-01-2022', 'CUST55602', 'BRG0003', 14, 'DUS', '9999.99', 'IDR', 'BRND003', 'MARCKS'),
('EPM', 'CAB02', 'IN6019', '04-20-2022', 'CUST55663', 'BRG0004', 12, 'DUS', '8700.70', 'IDR', 'BRND004', 'VNS'),
('TA', 'CAB10', 'IN6020', '03-11-2022', 'CUST55581', 'BRG0002', 1, 'DUS', '2337.50', 'IDR', 'BRND002', 'ETIKAL'),
('TD', 'CAB04', 'IN6021', '04-19-2022', 'CUST55620', 'BRG0001', 7, 'DUS', '1169.91', 'IDR', 'BRND001', 'OGB & PH'),
('TD', 'CAB08', 'IN6022', '05-23-2022', 'CUST55654', 'BRG0005', 9, 'DUS', '5648.30', 'IDR', 'BRND005', 'SLCYL'),
('EPM', 'CAB08', 'IN6023', '02-01-2022', 'CUST55399', 'BRG0010', 15, 'DUS', '6940.30', 'IDR', 'BRND010', 'SLCYL'),
('TD', 'CAB03', 'IN6024', '01-27-2022', 'CUST55394', 'BRG0005', 12, 'DUS', '5648.30', 'IDR', 'BRND005', 'SLCYL'),
('TA', 'CAB01', 'IN6025', '01-30-2022', 'CUST55523', 'BRG0004', 7, 'DUS', '8700.70', 'IDR', 'BRND004', 'VNS'),
('EPM', 'CAB02', 'IN6026', '02-16-2022', 'CUST55558', 'BRG0003', 21, 'DUS', '5780.70', 'IDR', 'BRND009', 'VNS'),
('EPM', 'CAB01', 'IN6027', '04-11-2022', 'CUST55612', 'BRG0003', 10, 'DUS', '9999.99', 'IDR', 'BRND003', 'MARCKS'),
('EPM', 'CAB03', 'IN6028', '01-23-2022', 'CUST55420', 'BRG0001', 98, 'DUS', '1169.91', 'IDR', 'BRND001', 'OGB & PH'),
('EPM', 'CAB09', 'IN6029', '01-28-2022', 'CUST55389', 'BRG0010', 4, 'DUS', '6940.30', 'IDR', 'BRND010', 'SLCYL'),
('TA', 'CAB03', 'IN6030', '05-01-2022', 'CUST55709', 'BRG0004', 10, 'DUS', '6940.30', 'IDR', 'BRND010', 'SLCYL'),
('TD', 'CAB01', 'IN6031', '04-15-2022', 'CUST55616', 'BRG0001', 4, 'DUS', '4592.10', 'IDR', 'BRND007', 'ETIKAL'),
('TA', 'CAB03', 'IN6032', '06-03-2022', 'CUST55679', 'BRG0004', 23, 'DUS', '6940.30', 'IDR', 'BRND010', 'SLCYL'),
('TD', 'CAB01', 'IN6033', '06-12-2022', 'CUST55688', 'BRG0009', 34, 'DUS', '5780.70', 'IDR', 'BRND009', 'VNS'),
('TD', 'CAB06', 'IN6034', '02-20-2022', 'CUST55562', 'BRG0003', 14, 'DUS', '9999.99', 'IDR', 'BRND003', 'MARCKS'),
('EPM', 'CAB10', 'IN6035', '04-25-2022', 'CUST55626', 'BRG0007', 20, 'DUS', '4592.10', 'IDR', 'BRND007', 'ETIKAL'),
('TA', 'CAB08', 'IN6036', '01-27-2022', 'CUST55388', 'BRG0009', 23, 'DUS', '5780.70', 'IDR', 'BRND009', 'VNS'),
('TD', 'CAB01', 'IN6037', '05-03-2022', 'CUST55721', 'BRG0002', 45, 'DUS', '2337.50', 'IDR', 'BRND002', 'ETIKAL'),
('TA', 'CAB06', 'IN6038', '01-30-2022', 'CUST55517', 'BRG0008', 98, 'DUS', '3991.90', 'IDR', 'BRND008', 'MARCKS'),
('EPM', 'CAB03', 'IN6039', '01-23-2022', 'CUST55480', 'BRG0001', 13, 'DUS', '1169.91', 'IDR', 'BRND001', 'OGB & PH'),
('EPM', 'CAB04', 'IN6040', '01-31-2022', 'CUST55470', 'BRG0001', 10, 'DUS', '1169.91', 'IDR', 'BRND001', 'OGB & PH'),
('TD', 'CAB03', 'IN6041', '02-28-2022', 'CUST55570', 'BRG0001', 5, 'DUS', '1169.91', 'IDR', 'BRND001', 'OGB & PH'),
('TD', 'CAB07', 'IN6042', '01-31-2022', 'CUST55428', 'BRG0009', 67, 'DUS', '5780.70', 'IDR', 'BRND009', 'VNS'),
('TD', 'CAB09', 'IN6043', '03-10-2022', 'CUST55580', 'BRG0001', 9, 'DUS', '1169.91', 'IDR', 'BRND001', 'OGB & PH'),
('TD', 'CAB03', 'IN6044', '05-01-2022', 'CUST55694', 'BRG0005', 18, 'DUS', '5648.30', 'IDR', 'BRND005', 'SLCYL'),
('TA', 'CAB10', 'IN6045', '01-31-2022', 'CUST55506', 'BRG0007', 21, 'DUS', '4592.10', 'IDR', 'BRND007', 'ETIKAL'),
('TD', 'CAB01', 'IN6046', '06-15-2022', 'CUST55691', 'BRG0002', 12, 'DUS', '2337.50', 'IDR', 'BRND002', 'ETIKAL'),
('TA', 'CAB04', 'IN6047', '04-26-2022', 'CUST55635', 'BRG0006', 12, 'DUS', '2819.20', 'IDR', 'BRND006', 'OGB & PH'),
('EPM', 'CAB02', 'IN6048', '01-31-2022', 'CUST55464', 'BRG0005', 25, 'DUS', '5648.30', 'IDR', 'BRND005', 'SLCYL'),
('TA', 'CAB02', 'IN6049', '01-28-2022', 'CUST55479', 'BRG0010', 9, 'DUS', '6940.30', 'IDR', 'BRND010', 'SLCYL'),
('TD', 'CAB02', 'IN6050', '01-31-2022', 'CUST55434', 'BRG0005', 34, 'DUS', '5648.30', 'IDR', 'BRND005', 'SLCYL'),
('TD', 'CAB07', 'IN6051', '03-23-2022', 'CUST55593', 'BRG0004', 15, 'DUS', '8700.70', 'IDR', 'BRND004', 'VNS'),
('TA', 'CAB05', 'IN6052', '01-23-2022', 'CUST55385', 'BRG0006', 5, 'DUS', '2819.20', 'IDR', 'BRND006', 'OGB & PH'),
('EPM', 'CAB01', 'IN6053', '01-28-2022', 'CUST55437', 'BRG0002', 44, 'DUS', '3991.90', 'IDR', 'BRND008', 'MARCKS'),
('TD', 'CAB03', 'IN6054', '02-01-2022', 'CUST55435', 'BRG0006', 34, 'DUS', '2819.20', 'IDR', 'BRND006', 'OGB & PH'),
('TD', 'CAB01', 'IN6055', '03-13-2022', 'CUST55583', 'BRG0004', 4, 'DUS', '8700.70', 'IDR', 'BRND004', 'VNS'),
('TA', 'CAB05', 'IN6056', '04-20-2022', 'CUST55621', 'BRG0002', 100, 'DUS', '2337.50', 'IDR', 'BRND002', 'ETIKAL'),
('TA', 'CAB02', 'IN6057', '05-17-2022', 'CUST55648', 'BRG0003', 10, 'DUS', '5780.70', 'IDR', 'BRND009', 'VNS'),
('TD', 'CAB06', 'IN6058', '01-27-2022', 'CUST55532', 'BRG0003', 34, 'DUS', '9999.99', 'IDR', 'BRND003', 'MARCKS'),
('EPM', 'CAB07', 'IN6059', '06-07-2022', 'CUST55683', 'BRG0004', 11, 'DUS', '8700.70', 'IDR', 'BRND004', 'VNS'),
('TD', 'CAB02', 'IN6060', '02-01-2022', 'CUST55543', 'BRG0004', 22, 'DUS', '8700.70', 'IDR', 'BRND004', 'VNS'),
('TD', 'CAB10', 'IN6061', '02-24-2022', 'CUST55566', 'BRG0007', 12, 'DUS', '4592.10', 'IDR', 'BRND007', 'ETIKAL'),
('TA', 'CAB09', 'IN6062', '01-27-2022', 'CUST55490', 'BRG0001', 12, 'DUS', '1169.91', 'IDR', 'BRND001', 'OGB & PH'),
('TD', 'CAB01', 'IN6063', '02-01-2022', 'CUST55417', 'BRG0008', 12, 'DUS', '3991.90', 'IDR', 'BRND008', 'MARCKS'),
('TD', 'CAB04', 'IN6064', '01-28-2022', 'CUST55515', 'BRG0006', 10, 'DUS', '2819.20', 'IDR', 'BRND006', 'OGB & PH'),
('EPM', 'CAB08', 'IN6065', '01-23-2022', 'CUST55474', 'BRG0005', 4, 'DUS', '5648.30', 'IDR', 'BRND005', 'SLCYL'),
('EPM', 'CAB01', 'IN6066', '01-27-2022', 'CUST55538', 'BRG0009', 12, 'DUS', '5780.70', 'IDR', 'BRND009', 'VNS'),
('TD', 'CAB02', 'IN6067', '05-01-2022', 'CUST55704', 'BRG0005', 14, 'DUS', '5648.30', 'IDR', 'BRND005', 'SLCYL'),
('TD', 'CAB10', 'IN6068', '01-31-2022', 'CUST55536', 'BRG0007', 6, 'DUS', '4592.10', 'IDR', 'BRND007', 'ETIKAL'),
('TA', 'CAB01', 'IN6069', '03-01-2022', 'CUST55571', 'BRG0002', 4, 'DUS', '2337.50', 'IDR', 'BRND002', 'ETIKAL'),
('TD', 'CAB04', 'IN6070', '01-28-2022', 'CUST55485', 'BRG0006', 23, 'DUS', '2819.20', 'IDR', 'BRND006', 'OGB & PH'),
('EPM', 'CAB05', 'IN6071', '04-27-2022', 'CUST55636', 'BRG0007', 95, 'DUS', '4592.10', 'IDR', 'BRND007', 'ETIKAL'),
('EPM', 'CAB01', 'IN6072', '02-01-2022', 'CUST55477', 'BRG0008', 1, 'DUS', '3991.90', 'IDR', 'BRND008', 'MARCKS'),
('TA', 'CAB01', 'IN6073', '04-27-2022', 'CUST55628', 'BRG0009', 34, 'DUS', '5780.70', 'IDR', 'BRND009', 'VNS'),
('TD', 'CAB06', 'IN6074', '01-27-2022', 'CUST55472', 'BRG0003', 98, 'DUS', '9999.99', 'IDR', 'BRND003', 'MARCKS'),
('TA', 'CAB07', 'IN6075', '04-16-2022', 'CUST55638', 'BRG0009', 48, 'DUS', '5780.70', 'IDR', 'BRND009', 'VNS'),
('TA', 'CAB08', 'IN6076', '03-24-2022', 'CUST55594', 'BRG0005', 12, 'DUS', '5648.30', 'IDR', 'BRND005', 'SLCYL'),
('TD', 'CAB01', 'IN6077', '05-16-2022', 'CUST55647', 'BRG0002', 12, 'DUS', '3991.90', 'IDR', 'BRND008', 'MARCKS'),
('TD', 'CAB03', 'IN6078', '03-30-2022', 'CUST55600', 'BRG0001', 12, 'DUS', '1169.91', 'IDR', 'BRND001', 'OGB & PH'),
('EPM', 'CAB02', 'IN6079', '01-31-2022', 'CUST55494', 'BRG0005', 34, 'DUS', '5648.30', 'IDR', 'BRND005', 'SLCYL'),
('TD', 'CAB10', 'IN6080', '03-26-2022', 'CUST55596', 'BRG0007', 14, 'DUS', '4592.10', 'IDR', 'BRND007', 'ETIKAL'),
('TD', 'CAB03', 'IN6081', '03-19-2022', 'CUST55589', 'BRG0004', 25, 'DUS', '6940.30', 'IDR', 'BRND010', 'SLCYL'),
('TD', 'CAB01', 'IN6082', '04-16-2022', 'CUST55617', 'BRG0002', 8, 'DUS', '3991.90', 'IDR', 'BRND008', 'MARCKS'),
('EPM', 'CAB06', 'IN6083', '01-30-2022', 'CUST55487', 'BRG0008', 2, 'DUS', '3991.90', 'IDR', 'BRND008', 'MARCKS'),
('TD', 'CAB05', 'IN6084', '02-01-2022', 'CUST55471', 'BRG0002', 67, 'DUS', '2337.50', 'IDR', 'BRND002', 'ETIKAL'),
('TA', 'CAB01', 'IN6085', '03-31-2022', 'CUST55601', 'BRG0002', 25, 'DUS', '2337.50', 'IDR', 'BRND002', 'ETIKAL'),
('TD', 'CAB02', 'IN6086', '01-23-2022', 'CUST55408', 'BRG0003', 14, 'DUS', '5780.70', 'IDR', 'BRND009', 'VNS'),
('TA', 'CAB04', 'IN6087', '02-18-2022', 'CUST55560', 'BRG0001', 12, 'DUS', '1169.91', 'IDR', 'BRND001', 'OGB & PH'),
('EPM', 'CAB07', 'IN6088', '02-06-2022', 'CUST55548', 'BRG0009', 10, 'DUS', '5780.70', 'IDR', 'BRND009', 'VNS'),
('EPM', 'CAB06', 'IN6089', '01-25-2022', 'CUST55386', 'BRG0007', 9, 'DUS', '4592.10', 'IDR', 'BRND007', 'ETIKAL'),
('TA', 'CAB09', 'IN6090', '05-24-2022', 'CUST55655', 'BRG0006', 21, 'DUS', '2819.20', 'IDR', 'BRND006', 'OGB & PH'),
('TD', 'CAB01', 'IN6091', '06-11-2022', 'CUST55687', 'BRG0008', 14, 'DUS', '3991.90', 'IDR', 'BRND008', 'MARCKS'),
('TA', 'CAB02', 'IN6092', '03-14-2022', 'CUST55584', 'BRG0005', 2, 'DUS', '5648.30', 'IDR', 'BRND005', 'SLCYL'),
('TD', 'CAB02', 'IN6093', '05-29-2022', 'CUST55674', 'BRG0005', 13, 'DUS', '5648.30', 'IDR', 'BRND005', 'SLCYL'),
('EPM', 'CAB04', 'IN6094', '05-02-2022', 'CUST55710', 'BRG0001', 67, 'DUS', '1169.91', 'IDR', 'BRND001', 'OGB & PH'),
('TD', 'CAB01', 'IN6095', '01-27-2022', 'CUST55478', 'BRG0009', 5, 'DUS', '5780.70', 'IDR', 'BRND009', 'VNS'),
('EPM', 'CAB05', 'IN6096', '02-19-2022', 'CUST55561', 'BRG0002', 25, 'DUS', '2337.50', 'IDR', 'BRND002', 'ETIKAL'),
('TD', 'CAB01', 'IN6097', '04-30-2022', 'CUST55718', 'BRG0009', 100, 'DUS', '5780.70', 'IDR', 'BRND009', 'VNS'),
('EPM', 'CAB02', 'IN6098', '03-29-2022', 'CUST55599', 'BRG0010', 19, 'DUS', '6940.30', 'IDR', 'BRND010', 'SLCYL'),
('EPM', 'CAB06', 'IN6099', '01-30-2022', 'CUST55457', 'BRG0008', 5, 'DUS', '3991.90', 'IDR', 'BRND008', 'MARCKS'),
('TD', 'CAB01', 'IN6100', '06-01-2022', 'CUST55677', 'BRG0002', 9, 'DUS', '3991.90', 'IDR', 'BRND008', 'MARCKS'),
('EPM', 'CAB02', 'IN6101', '04-30-2022', 'CUST55723', 'BRG0004', 20, 'DUS', '8700.70', 'IDR', 'BRND004', 'VNS'),
('TA', 'CAB01', 'IN6102', '01-31-2022', 'CUST55392', 'BRG0003', 11, 'DUS', '9999.99', 'IDR', 'BRND003', 'MARCKS'),
('TA', 'CAB01', 'IN6103', '01-27-2022', 'CUST55496', 'BRG0001', 15, 'DUS', '4592.10', 'IDR', 'BRND007', 'ETIKAL'),
('EPM', 'CAB01', 'IN6104', '01-30-2022', 'CUST55433', 'BRG0004', 45, 'DUS', '8700.70', 'IDR', 'BRND004', 'VNS'),
('EPM', 'CAB09', 'IN6105', '05-02-2022', 'CUST55700', 'BRG0001', 21, 'DUS', '1169.91', 'IDR', 'BRND001', 'OGB & PH'),
('EPM', 'CAB07', 'IN6106', '04-30-2022', 'CUST55713', 'BRG0004', 4, 'DUS', '8700.70', 'IDR', 'BRND004', 'VNS'),
('EPM', 'CAB01', 'IN6107', '01-30-2022', 'CUST55511', 'BRG0002', 24, 'DUS', '2337.50', 'IDR', 'BRND002', 'ETIKAL'),
('TA', 'CAB03', 'IN6108', '01-30-2022', 'CUST55409', 'BRG0004', 21, 'DUS', '6940.30', 'IDR', 'BRND010', 'SLCYL'),
('TA', 'CAB01', 'IN6109', '06-16-2022', 'CUST55702', 'BRG0003', 12, 'DUS', '9999.99', 'IDR', 'BRND003', 'MARCKS'),
('TD', 'CAB05', 'IN6110', '03-06-2022', 'CUST55576', 'BRG0007', 9, 'DUS', '4592.10', 'IDR', 'BRND007', 'ETIKAL'),
('TD', 'CAB01', 'IN6111', '05-26-2022', 'CUST55657', 'BRG0008', 12, 'DUS', '3991.90', 'IDR', 'BRND008', 'MARCKS'),
('TA', 'CAB05', 'IN6112', '05-03-2022', 'CUST55726', 'BRG0007', 34, 'DUS', '4592.10', 'IDR', 'BRND007', 'ETIKAL'),
('TD', 'CAB09', 'IN6113', '01-27-2022', 'CUST55400', 'BRG0001', 12, 'DUS', '1169.91', 'IDR', 'BRND001', 'OGB & PH'),
('TD', 'CAB02', 'IN6114', '02-27-2022', 'CUST55569', 'BRG0010', 98, 'DUS', '6940.30', 'IDR', 'BRND010', 'SLCYL'),
('TA', 'CAB10', 'IN6115', '05-03-2022', 'CUST55716', 'BRG0007', 10, 'DUS', '4592.10', 'IDR', 'BRND007', 'ETIKAL'),
('TD', 'CAB04', 'IN6116', '01-28-2022', 'CUST55455', 'BRG0006', 67, 'DUS', '2819.20', 'IDR', 'BRND006', 'OGB & PH'),
('TD', 'CAB06', 'IN6117', '05-22-2022', 'CUST55667', 'BRG0008', 5, 'DUS', '3991.90', 'IDR', 'BRND008', 'MARCKS'),
('TD', 'CAB06', 'IN6118', '01-27-2022', 'CUST55502', 'BRG0003', 19, 'DUS', '9999.99', 'IDR', 'BRND003', 'MARCKS'),
('TA', 'CAB02', 'IN6119', '01-28-2022', 'CUST55449', 'BRG0010', 14, 'DUS', '6940.30', 'IDR', 'BRND010', 'SLCYL'),
('TD', 'CAB03', 'IN6120', '02-01-2022', 'CUST55465', 'BRG0006', 14, 'DUS', '2819.20', 'IDR', 'BRND006', 'OGB & PH'),
('EPM', 'CAB05', 'IN6121', '05-21-2022', 'CUST55666', 'BRG0007', 98, 'DUS', '4592.10', 'IDR', 'BRND007', 'ETIKAL'),
('TD', 'CAB09', 'IN6122', '01-30-2022', 'CUST55445', 'BRG0006', 21, 'DUS', '2819.20', 'IDR', 'BRND006', 'OGB & PH'),
('TD', 'CAB06', 'IN6123', '06-16-2022', 'CUST55697', 'BRG0008', 12, 'DUS', '3991.90', 'IDR', 'BRND008', 'MARCKS'),
('TA', 'CAB06', 'IN6124', '01-27-2022', 'CUST55442', 'BRG0003', 95, 'DUS', '9999.99', 'IDR', 'BRND003', 'MARCKS'),
('TA', 'CAB01', 'IN6125', '01-23-2022', 'CUST55402', 'BRG0003', 14, 'DUS', '9999.99', 'IDR', 'BRND003', 'MARCKS'),
('TD', 'CAB08', 'IN6126', '04-23-2022', 'CUST55624', 'BRG0005', 45, 'DUS', '5648.30', 'IDR', 'BRND005', 'SLCYL'),
('TA', 'CAB09', 'IN6127', '04-24-2022', 'CUST55625', 'BRG0006', 34, 'DUS', '2819.20', 'IDR', 'BRND006', 'OGB & PH'),
('TA', 'CAB01', 'IN6128', '02-01-2022', 'CUST55537', 'BRG0008', 79, 'DUS', '3991.90', 'IDR', 'BRND008', 'MARCKS'),
('TD', 'CAB01', 'IN6129', '02-14-2022', 'CUST55556', 'BRG0001', 8, 'DUS', '4592.10', 'IDR', 'BRND007', 'ETIKAL'),
('EPM', 'CAB07', 'IN6130', '01-31-2022', 'CUST55518', 'BRG0009', 5, 'DUS', '5780.70', 'IDR', 'BRND009', 'VNS'),
('TD', 'CAB01', 'IN6131', '01-27-2022', 'CUST55418', 'BRG0009', 10, 'DUS', '5780.70', 'IDR', 'BRND009', 'VNS'),
('TD', 'CAB02', 'IN6132', '04-30-2022', 'CUST55708', 'BRG0003', 12, 'DUS', '5780.70', 'IDR', 'BRND009', 'VNS'),
('TA', 'CAB08', 'IN6133', '02-01-2022', 'CUST55429', 'BRG0010', 78, 'DUS', '6940.30', 'IDR', 'BRND010', 'SLCYL'),
('TD', 'CAB05', 'IN6134', '02-01-2022', 'CUST55441', 'BRG0002', 12, 'DUS', '2337.50', 'IDR', 'BRND002', 'ETIKAL'),
('TA', 'CAB09', 'IN6135', '02-08-2022', 'CUST55550', 'BRG0001', 12, 'DUS', '1169.91', 'IDR', 'BRND001', 'OGB & PH'),
('TD', 'CAB01', 'IN6136', '01-27-2022', 'CUST55526', 'BRG0001', 78, 'DUS', '4592.10', 'IDR', 'BRND007', 'ETIKAL'),
('TD', 'CAB02', 'IN6137', '03-03-2022', 'CUST55573', 'BRG0004', 9, 'DUS', '8700.70', 'IDR', 'BRND004', 'VNS'),
('TD', 'CAB01', 'IN6138', '04-18-2022', 'CUST55661', 'BRG0002', 10, 'DUS', '2337.50', 'IDR', 'BRND002', 'ETIKAL'),
('TD', 'CAB07', 'IN6139', '04-22-2022', 'CUST55623', 'BRG0004', 78, 'DUS', '8700.70', 'IDR', 'BRND004', 'VNS'),
('EPM', 'CAB09', 'IN6140', '03-25-2022', 'CUST55595', 'BRG0006', 25, 'DUS', '2819.20', 'IDR', 'BRND006', 'OGB & PH'),
('TD', 'CAB10', 'IN6141', '01-28-2022', 'CUST55401', 'BRG0002', 25, 'DUS', '2337.50', 'IDR', 'BRND002', 'ETIKAL'),
('TD', 'CAB03', 'IN6142', '05-01-2022', 'CUST55724', 'BRG0005', 45, 'DUS', '5648.30', 'IDR', 'BRND005', 'SLCYL'),
('TD', 'CAB03', 'IN6143', '05-02-2022', 'CUST55705', 'BRG0006', 24, 'DUS', '2819.20', 'IDR', 'BRND006', 'OGB & PH'),
('EPM', 'CAB03', 'IN6144', '01-22-2022', 'CUST55383', 'BRG0004', 13, 'DUS', '8700.70', 'IDR', 'BRND004', 'VNS'),
('EPM', 'CAB01', 'IN6145', '04-20-2022', 'CUST55642', 'BRG0003', 25, 'DUS', '9999.99', 'IDR', 'BRND003', 'MARCKS'),
('TA', 'CAB06', 'IN6146', '01-27-2022', 'CUST55412', 'BRG0003', 25, 'DUS', '9999.99', 'IDR', 'BRND003', 'MARCKS'),
('EPM', 'CAB03', 'IN6147', '02-13-2022', 'CUST55555', 'BRG0006', 4, 'DUS', '2819.20', 'IDR', 'BRND006', 'OGB & PH'),
('TA', 'CAB10', 'IN6148', '01-31-2022', 'CUST55476', 'BRG0007', 9, 'DUS', '4592.10', 'IDR', 'BRND007', 'ETIKAL'),
('TD', 'CAB04', 'IN6149', '03-20-2022', 'CUST55590', 'BRG0001', 14, 'DUS', '1169.91', 'IDR', 'BRND001', 'OGB & PH'),
('TD', 'CAB05', 'IN6150', '05-20-2022', 'CUST55651', 'BRG0002', 5, 'DUS', '2337.50', 'IDR', 'BRND002', 'ETIKAL'),
('EPM', 'CAB03', 'IN6151', '05-02-2022', 'CUST55720', 'BRG0001', 78, 'DUS', '1169.91', 'IDR', 'BRND001', 'OGB & PH'),
('TD', 'CAB01', 'IN6152', '01-31-2022', 'CUST55512', 'BRG0003', 10, 'DUS', '9999.99', 'IDR', 'BRND003', 'MARCKS'),
('TD', 'CAB01', 'IN6153', '03-27-2022', 'CUST55597', 'BRG0008', 18, 'DUS', '3991.90', 'IDR', 'BRND008', 'MARCKS'),
('TA', 'CAB10', 'IN6154', '04-19-2022', 'CUST55641', 'BRG0002', 12, 'DUS', '2337.50', 'IDR', 'BRND002', 'ETIKAL'),
('TA', 'CAB02', 'IN6155', '01-21-2022', 'CUST55382', 'BRG0003', 9, 'DUS', '9999.99', 'IDR', 'BRND003', 'MARCKS'),
('TA', 'CAB07', 'IN6156', '04-07-2022', 'CUST55608', 'BRG0009', 24, 'DUS', '5780.70', 'IDR', 'BRND009', 'VNS'),
('TD', 'CAB01', 'IN6157', '04-12-2022', 'CUST55613', 'BRG0004', 67, 'DUS', '8700.70', 'IDR', 'BRND004', 'VNS'),
('TA', 'CAB08', 'IN6158', '05-01-2022', 'CUST55699', 'BRG0010', 14, 'DUS', '6940.30', 'IDR', 'BRND010', 'SLCYL'),
('TA', 'CAB02', 'IN6159', '06-13-2022', 'CUST55689', 'BRG0010', 67, 'DUS', '6940.30', 'IDR', 'BRND010', 'SLCYL'),
('TA', 'CAB01', 'IN6160', '05-27-2022', 'CUST55672', 'BRG0003', 5, 'DUS', '9999.99', 'IDR', 'BRND003', 'MARCKS'),
('TA', 'CAB01', 'IN6161', '01-27-2022', 'CUST55466', 'BRG0001', 24, 'DUS', '4592.10', 'IDR', 'BRND007', 'ETIKAL'),
('TA', 'CAB07', 'IN6162', '01-28-2022', 'CUST55503', 'BRG0004', 12, 'DUS', '8700.70', 'IDR', 'BRND004', 'VNS'),
('TD', 'CAB01', 'IN6163', '01-30-2022', 'CUST55421', 'BRG0002', 5, 'DUS', '2337.50', 'IDR', 'BRND002', 'ETIKAL'),
('EPM', 'CAB07', 'IN6164', '03-08-2022', 'CUST55578', 'BRG0009', 1, 'DUS', '5780.70', 'IDR', 'BRND009', 'VNS'),
('TA', 'CAB01', 'IN6165', '06-16-2022', 'CUST55722', 'BRG0003', 34, 'DUS', '9999.99', 'IDR', 'BRND003', 'MARCKS'),
('TA', 'CAB03', 'IN6166', '05-30-2022', 'CUST55675', 'BRG0006', 1, 'DUS', '2819.20', 'IDR', 'BRND006', 'OGB & PH'),
('EPM', 'CAB10', 'IN6167', '01-28-2022', 'CUST55491', 'BRG0002', 12, 'DUS', '2337.50', 'IDR', 'BRND002', 'ETIKAL'),
('TD', 'CAB02', 'IN6168', '05-13-2022', 'CUST55644', 'BRG0005', 24, 'DUS', '5648.30', 'IDR', 'BRND005', 'SLCYL'),
('TA', 'CAB04', 'IN6169', '05-20-2022', 'CUST55665', 'BRG0006', 67, 'DUS', '2819.20', 'IDR', 'BRND006', 'OGB & PH'),
('TD', 'CAB09', 'IN6170', '01-30-2022', 'CUST55505', 'BRG0006', 14, 'DUS', '2819.20', 'IDR', 'BRND006', 'OGB & PH'),
('EPM', 'CAB04', 'IN6171', '02-03-2022', 'CUST55545', 'BRG0006', 25, 'DUS', '2819.20', 'IDR', 'BRND006', 'OGB & PH'),
('EPM', 'CAB01', 'IN6172', '01-28-2022', 'CUST55497', 'BRG0002', 12, 'DUS', '3991.90', 'IDR', 'BRND008', 'MARCKS'),
('EPM', 'CAB01', 'IN6173', '01-27-2022', 'CUST55406', 'BRG0001', 12, 'DUS', '4592.10', 'IDR', 'BRND007', 'ETIKAL'),
('TA', 'CAB02', 'IN6174', '04-17-2022', 'CUST55618', 'BRG0003', 9, 'DUS', '5780.70', 'IDR', 'BRND009', 'VNS'),
('TD', 'CAB02', 'IN6175', '01-31-2022', 'CUST55404', 'BRG0005', 18, 'DUS', '5648.30', 'IDR', 'BRND005', 'SLCYL'),
('EPM', 'CAB01', 'IN6176', '01-30-2022', 'CUST55403', 'BRG0004', 18, 'DUS', '8700.70', 'IDR', 'BRND004', 'VNS'),
('EPM', 'CAB03', 'IN6177', '03-15-2022', 'CUST55585', 'BRG0006', 17, 'DUS', '2819.20', 'IDR', 'BRND006', 'OGB & PH'),
('TA', 'CAB04', 'IN6178', '05-02-2022', 'CUST55695', 'BRG0006', 18, 'DUS', '2819.20', 'IDR', 'BRND006', 'OGB & PH'),
('EPM', 'CAB08', 'IN6179', '05-24-2022', 'CUST55669', 'BRG0010', 8, 'DUS', '6940.30', 'IDR', 'BRND010', 'SLCYL'),
('TA', 'CAB02', 'IN6180', '04-13-2022', 'CUST55614', 'BRG0005', 98, 'DUS', '5648.30', 'IDR', 'BRND005', 'SLCYL'),
('TD', 'CAB08', 'IN6181', '02-07-2022', 'CUST55549', 'BRG0010', 130, 'DUS', '6940.30', 'IDR', 'BRND010', 'SLCYL'),
('TA', 'CAB06', 'IN6182', '03-07-2022', 'CUST55577', 'BRG0008', 13, 'DUS', '3991.90', 'IDR', 'BRND008', 'MARCKS'),
('TD', 'CAB02', 'IN6183', '01-23-2022', 'CUST55498', 'BRG0003', 25, 'DUS', '5780.70', 'IDR', 'BRND009', 'VNS'),
('TA', 'CAB04', 'IN6184', '01-28-2022', 'CUST55395', 'BRG0006', 25, 'DUS', '2819.20', 'IDR', 'BRND006', 'OGB & PH'),
('TA', 'CAB02', 'IN6185', '02-01-2022', 'CUST55483', 'BRG0004', 9, 'DUS', '8700.70', 'IDR', 'BRND004', 'VNS'),
('TA', 'CAB04', 'IN6186', '01-31-2022', 'CUST55500', 'BRG0001', 18, 'DUS', '1169.91', 'IDR', 'BRND001', 'OGB & PH'),
('TD', 'CAB05', 'IN6187', '04-05-2022', 'CUST55606', 'BRG0007', 25, 'DUS', '4592.10', 'IDR', 'BRND007', 'ETIKAL'),
('TD', 'CAB03', 'IN6188', '01-27-2022', 'CUST55454', 'BRG0005', 10, 'DUS', '5648.30', 'IDR', 'BRND005', 'SLCYL'),
('TA', 'CAB03', 'IN6189', '03-04-2022', 'CUST55574', 'BRG0005', 1, 'DUS', '5648.30', 'IDR', 'BRND005', 'SLCYL'),
('TD', 'CAB10', 'IN6190', '01-23-2022', 'CUST55390', 'BRG0001', 2, 'DUS', '1169.91', 'IDR', 'BRND001', 'OGB & PH'),
('TA', 'CAB01', 'IN6191', '01-31-2022', 'CUST55422', 'BRG0003', 4, 'DUS', '9999.99', 'IDR', 'BRND003', 'MARCKS'),
('TA', 'CAB03', 'IN6192', '05-14-2022', 'CUST55645', 'BRG0006', 10, 'DUS', '2819.20', 'IDR', 'BRND006', 'OGB & PH'),
('EPM', 'CAB02', 'IN6193', '03-18-2022', 'CUST55588', 'BRG0003', 12, 'DUS', '5780.70', 'IDR', 'BRND009', 'VNS'),
('TA', 'CAB01', 'IN6194', '04-18-2022', 'CUST55658', 'BRG0009', 25, 'DUS', '5780.70', 'IDR', 'BRND009', 'VNS'),
('TA', 'CAB07', 'IN6195', '01-31-2022', 'CUST55398', 'BRG0009', 67, 'DUS', '5780.70', 'IDR', 'BRND009', 'VNS'),
('TA', 'CAB04', 'IN6196', '01-31-2022', 'CUST55530', 'BRG0001', 45, 'DUS', '1169.91', 'IDR', 'BRND001', 'OGB & PH'),
('TD', 'CAB03', 'IN6197', '04-29-2022', 'CUST55630', 'BRG0001', 34, 'DUS', '1169.91', 'IDR', 'BRND001', 'OGB & PH'),
('EPM', 'CAB04', 'IN6198', '06-04-2022', 'CUST55680', 'BRG0001', 4, 'DUS', '1169.91', 'IDR', 'BRND001', 'OGB & PH'),
('TD', 'CAB02', 'IN6199', '01-28-2022', 'CUST55509', 'BRG0010', 25, 'DUS', '6940.30', 'IDR', 'BRND010', 'SLCYL'),
('TA', 'CAB07', 'IN6200', '01-28-2022', 'CUST55473', 'BRG0004', 5, 'DUS', '8700.70', 'IDR', 'BRND004', 'VNS'),
('TA', 'CAB07', 'IN6201', '05-23-2022', 'CUST55668', 'BRG0009', 4, 'DUS', '5780.70', 'IDR', 'BRND009', 'VNS'),
('EPM', 'CAB02', 'IN6202', '01-23-2022', 'CUST55528', 'BRG0003', 34, 'DUS', '5780.70', 'IDR', 'BRND009', 'VNS'),
('EPM', 'CAB02', 'IN6203', '01-31-2022', 'CUST55524', 'BRG0005', 100, 'DUS', '5648.30', 'IDR', 'BRND005', 'SLCYL'),
('EPM', 'CAB06', 'IN6204', '06-16-2022', 'CUST55727', 'BRG0008', 34, 'DUS', '3991.90', 'IDR', 'BRND008', 'MARCKS'),
('TA', 'CAB09', 'IN6205', '01-27-2022', 'CUST55520', 'BRG0001', 8, 'DUS', '1169.91', 'IDR', 'BRND001', 'OGB & PH'),
('EPM', 'CAB01', 'IN6206', '03-12-2022', 'CUST55582', 'BRG0003', 23, 'DUS', '9999.99', 'IDR', 'BRND003', 'MARCKS'),
('EPM', 'CAB04', 'IN6207', '04-04-2022', 'CUST55605', 'BRG0006', 12, 'DUS', '2819.20', 'IDR', 'BRND006', 'OGB & PH'),
('TD', 'CAB09', 'IN6208', '01-30-2022', 'CUST55475', 'BRG0006', 8, 'DUS', '2819.20', 'IDR', 'BRND006', 'OGB & PH'),
('TD', 'CAB01', 'IN6209', '03-16-2022', 'CUST55586', 'BRG0001', 11, 'DUS', '4592.10', 'IDR', 'BRND007', 'ETIKAL'),
('TA', 'CAB05', 'IN6210', '01-23-2022', 'CUST55486', 'BRG0007', 4, 'DUS', '4592.10', 'IDR', 'BRND007', 'ETIKAL'),
('EPM', 'CAB05', 'IN6211', '02-01-2022', 'CUST55501', 'BRG0002', 18, 'DUS', '2337.50', 'IDR', 'BRND002', 'ETIKAL'),
('TD', 'CAB05', 'IN6212', '06-05-2022', 'CUST55681', 'BRG0002', 2, 'DUS', '2337.50', 'IDR', 'BRND002', 'ETIKAL'),
('TD', 'CAB10', 'IN6213', '05-03-2022', 'CUST55701', 'BRG0002', 22, 'DUS', '2337.50', 'IDR', 'BRND002', 'ETIKAL'),
('TD', 'CAB10', 'IN6214', '01-28-2022', 'CUST55461', 'BRG0002', 21, 'DUS', '2337.50', 'IDR', 'BRND002', 'ETIKAL'),
('TA', 'CAB03', 'IN6215', '01-23-2022', 'CUST55510', 'BRG0001', 14, 'DUS', '1169.91', 'IDR', 'BRND001', 'OGB & PH'),
('TA', 'CAB05', 'IN6216', '01-23-2022', 'CUST55456', 'BRG0007', 98, 'DUS', '4592.10', 'IDR', 'BRND007', 'ETIKAL'),
('TD', 'CAB02', 'IN6217', '01-23-2022', 'CUST55438', 'BRG0003', 5, 'DUS', '5780.70', 'IDR', 'BRND009', 'VNS'),
('EPM', 'CAB08', 'IN6218', '04-17-2022', 'CUST55639', 'BRG0010', 21, 'DUS', '6940.30', 'IDR', 'BRND010', 'SLCYL'),
('TA', 'CAB01', 'IN6219', '01-27-2022', 'CUST55436', 'BRG0001', 34, 'DUS', '4592.10', 'IDR', 'BRND007', 'ETIKAL'),
('TD', 'CAB08', 'IN6220', '01-23-2022', 'CUST55444', 'BRG0005', 48, 'DUS', '5648.30', 'IDR', 'BRND005', 'SLCYL'),
('EPM', 'CAB08', 'IN6221', '01-23-2022', 'CUST55504', 'BRG0005', 25, 'DUS', '5648.30', 'IDR', 'BRND005', 'SLCYL'),
('TD', 'CAB02', 'IN6222', '06-02-2022', 'CUST55678', 'BRG0003', 1, 'DUS', '5780.70', 'IDR', 'BRND009', 'VNS'),
('TD', 'CAB02', 'IN6223', '05-02-2022', 'CUST55633', 'BRG0004', 6, 'DUS', '8700.70', 'IDR', 'BRND004', 'VNS'),
('TD', 'CAB03', 'IN6224', '02-17-2022', 'CUST55559', 'BRG0004', 22, 'DUS', '6940.30', 'IDR', 'BRND010', 'SLCYL'),
('TA', 'CAB01', 'IN6225', '04-30-2022', 'CUST55631', 'BRG0002', 44, 'DUS', '2337.50', 'IDR', 'BRND002', 'ETIKAL'),
('EPM', 'CAB10', 'IN6226', '01-31-2022', 'CUST55416', 'BRG0007', 23, 'DUS', '4592.10', 'IDR', 'BRND007', 'ETIKAL'),
('TA', 'CAB10', 'IN6227', '04-10-2022', 'CUST55611', 'BRG0002', 12, 'DUS', '2337.50', 'IDR', 'BRND002', 'ETIKAL'),
('TD', 'CAB01', 'IN6228', '01-27-2022', 'CUST55508', 'BRG0009', 12, 'DUS', '5780.70', 'IDR', 'BRND009', 'VNS'),
('EPM', 'CAB04', 'IN6229', '03-05-2022', 'CUST55575', 'BRG0006', 5, 'DUS', '2819.20', 'IDR', 'BRND006', 'OGB & PH'),
('EPM', 'CAB07', 'IN6230', '01-28-2022', 'CUST55413', 'BRG0004', 14, 'DUS', '8700.70', 'IDR', 'BRND004', 'VNS'),
('TD', 'CAB07', 'IN6231', '02-21-2022', 'CUST55563', 'BRG0004', 24, 'DUS', '8700.70', 'IDR', 'BRND004', 'VNS'),
('EPM', 'CAB08', 'IN6232', '04-08-2022', 'CUST55609', 'BRG0010', 10, 'DUS', '6940.30', 'IDR', 'BRND010', 'SLCYL'),
('EPM', 'CAB03', 'IN6233', '01-23-2022', 'CUST55450', 'BRG0001', 24, 'DUS', '1169.91', 'IDR', 'BRND001', 'OGB & PH'),
('TD', 'CAB01', 'IN6234', '02-10-2022', 'CUST55552', 'BRG0003', 67, 'DUS', '9999.99', 'IDR', 'BRND003', 'MARCKS'),
('TD', 'CAB01', 'IN6235', '01-30-2022', 'CUST55451', 'BRG0002', 10, 'DUS', '2337.50', 'IDR', 'BRND002', 'ETIKAL'),
('TD', 'CAB08', 'IN6236', '06-08-2022', 'CUST55684', 'BRG0005', 12, 'DUS', '5648.30', 'IDR', 'BRND005', 'SLCYL'),
('EPM', 'CAB03', 'IN6237', '04-18-2022', 'CUST55619', 'BRG0004', 10, 'DUS', '6940.30', 'IDR', 'BRND010', 'SLCYL'),
('EPM', 'CAB09', 'IN6238', '01-27-2022', 'CUST55460', 'BRG0001', 9, 'DUS', '1169.91', 'IDR', 'BRND001', 'OGB & PH'),
('EPM', 'CAB01', 'IN6239', '03-02-2022', 'CUST55572', 'BRG0003', 8, 'DUS', '9999.99', 'IDR', 'BRND003', 'MARCKS'),
('EPM', 'CAB01', 'IN6240', '01-30-2022', 'CUST55541', 'BRG0002', 48, 'DUS', '2337.50', 'IDR', 'BRND002', 'ETIKAL'),
('EPM', 'CAB04', 'IN6241', '01-31-2022', 'CUST55440', 'BRG0001', 79, 'DUS', '1169.91', 'IDR', 'BRND001', 'OGB & PH'),
('EPM', 'CAB08', 'IN6242', '01-23-2022', 'CUST55534', 'BRG0005', 44, 'DUS', '5648.30', 'IDR', 'BRND005', 'SLCYL'),
('TD', 'CAB03', 'IN6243', '02-01-2022', 'CUST55525', 'BRG0006', 67, 'DUS', '2819.20', 'IDR', 'BRND006', 'OGB & PH'),
('TD', 'CAB01', 'IN6244', '01-31-2022', 'CUST55542', 'BRG0003', 21, 'DUS', '9999.99', 'IDR', 'BRND003', 'MARCKS'),
('TD', 'CAB06', 'IN6245', '01-30-2022', 'CUST55397', 'BRG0008', 34, 'DUS', '3991.90', 'IDR', 'BRND008', 'MARCKS'),
('TA', 'CAB07', 'IN6246', '01-28-2022', 'CUST55533', 'BRG0004', 34, 'DUS', '8700.70', 'IDR', 'BRND004', 'VNS'),
('TA', 'CAB04', 'IN6247', '01-28-2022', 'CUST55425', 'BRG0006', 10, 'DUS', '2819.20', 'IDR', 'BRND006', 'OGB & PH'),
('TD', 'CAB06', 'IN6248', '01-30-2022', 'CUST55427', 'BRG0008', 100, 'DUS', '3991.90', 'IDR', 'BRND008', 'MARCKS'),
('EPM', 'CAB01', 'IN6249', '04-30-2022', 'CUST55703', 'BRG0004', 25, 'DUS', '8700.70', 'IDR', 'BRND004', 'VNS'),
('TA', 'CAB01', 'IN6250', '03-17-2022', 'CUST55587', 'BRG0002', 12, 'DUS', '3991.90', 'IDR', 'BRND008', 'MARCKS'),
('TD', 'CAB07', 'IN6251', '01-23-2022', 'CUST55387', 'BRG0008', 1, 'DUS', '3991.90', 'IDR', 'BRND008', 'MARCKS'),
('EPM', 'CAB03', 'IN6252', '05-18-2022', 'CUST55649', 'BRG0004', 67, 'DUS', '6940.30', 'IDR', 'BRND010', 'SLCYL'),
('TD', 'CAB10', 'IN6253', '01-28-2022', 'CUST55431', 'BRG0002', 34, 'DUS', '2337.50', 'IDR', 'BRND002', 'ETIKAL'),
('TA', 'CAB03', 'IN6254', '02-02-2022', 'CUST55544', 'BRG0005', 12, 'DUS', '5648.30', 'IDR', 'BRND005', 'SLCYL'),
('TA', 'CAB10', 'IN6255', '01-31-2022', 'CUST55446', 'BRG0007', 22, 'DUS', '4592.10', 'IDR', 'BRND007', 'ETIKAL'),
('TA', 'CAB01', 'IN6256', '01-30-2022', 'CUST55463', 'BRG0004', 12, 'DUS', '8700.70', 'IDR', 'BRND004', 'VNS'),
('EPM', 'CAB03', 'IN6257', '04-14-2022', 'CUST55615', 'BRG0006', 5, 'DUS', '2819.20', 'IDR', 'BRND006', 'OGB & PH'),
('EPM', 'CAB03', 'IN6258', '01-27-2022', 'CUST55484', 'BRG0005', 1, 'DUS', '5648.30', 'IDR', 'BRND005', 'SLCYL'),
('TA', 'CAB03', 'IN6259', '02-01-2022', 'CUST55405', 'BRG0006', 19, 'DUS', '2819.20', 'IDR', 'BRND006', 'OGB & PH'),
('TA', 'CAB08', 'IN6260', '02-22-2022', 'CUST55564', 'BRG0005', 10, 'DUS', '5648.30', 'IDR', 'BRND005', 'SLCYL'),
('TA', 'CAB06', 'IN6261', '02-05-2022', 'CUST55547', 'BRG0008', 24, 'DUS', '3991.90', 'IDR', 'BRND008', 'MARCKS'),
('TA', 'CAB02', 'IN6262', '01-28-2022', 'CUST55419', 'BRG0010', 67, 'DUS', '6940.30', 'IDR', 'BRND010', 'SLCYL'),
('TA', 'CAB01', 'IN6263', '01-31-2022', 'CUST55452', 'BRG0003', 130, 'DUS', '9999.99', 'IDR', 'BRND003', 'MARCKS'),
('EPM', 'CAB03', 'IN6264', '06-14-2022', 'CUST55690', 'BRG0001', 15, 'DUS', '1169.91', 'IDR', 'BRND001', 'OGB & PH'),
('TD', 'CAB07', 'IN6265', '04-30-2022', 'CUST55698', 'BRG0009', 25, 'DUS', '5780.70', 'IDR', 'BRND009', 'VNS'),
('EPM', 'CAB05', 'IN6266', '02-01-2022', 'CUST55531', 'BRG0002', 34, 'DUS', '2337.50', 'IDR', 'BRND002', 'ETIKAL'),
('TA', 'CAB08', 'IN6267', '02-01-2022', 'CUST55459', 'BRG0010', 8, 'DUS', '6940.30', 'IDR', 'BRND010', 'SLCYL'),
('TA', 'CAB01', 'IN6268', '06-16-2022', 'CUST55692', 'BRG0003', 25, 'DUS', '9999.99', 'IDR', 'BRND003', 'MARCKS'),
('EPM', 'CAB02', 'IN6269', '02-01-2022', 'CUST55453', 'BRG0004', 12, 'DUS', '8700.70', 'IDR', 'BRND004', 'VNS'),
('EPM', 'CAB05', 'IN6270', '05-03-2022', 'CUST55696', 'BRG0007', 19, 'DUS', '4592.10', 'IDR', 'BRND007', 'ETIKAL'),
('TA', 'CAB03', 'IN6271', '04-03-2022', 'CUST55604', 'BRG0005', 22, 'DUS', '5648.30', 'IDR', 'BRND005', 'SLCYL'),
('TD', 'CAB04', 'IN6272', '05-19-2022', 'CUST55650', 'BRG0001', 98, 'DUS', '1169.91', 'IDR', 'BRND001', 'OGB & PH'),
('TD', 'CAB03', 'IN6273', '05-03-2022', 'CUST55634', 'BRG0005', 79, 'DUS', '5648.30', 'IDR', 'BRND005', 'SLCYL'),
('EPM', 'CAB02', 'IN6274', '02-01-2022', 'CUST55423', 'BRG0004', 8, 'DUS', '8700.70', 'IDR', 'BRND004', 'VNS'),
('EPM', 'CAB01', 'IN6275', '02-26-2022', 'CUST55568', 'BRG0009', 67, 'DUS', '5780.70', 'IDR', 'BRND009', 'VNS'),
('TD', 'CAB01', 'IN6276', '01-30-2022', 'CUST55481', 'BRG0002', 1, 'DUS', '2337.50', 'IDR', 'BRND002', 'ETIKAL'),
('EPM', 'CAB02', 'IN6277', '04-28-2022', 'CUST55629', 'BRG0010', 34, 'DUS', '6940.30', 'IDR', 'BRND010', 'SLCYL'),
('TD', 'CAB03', 'IN6278', '01-30-2022', 'CUST55499', 'BRG0004', 14, 'DUS', '6940.30', 'IDR', 'BRND010', 'SLCYL'),
('TD', 'CAB03', 'IN6279', '01-30-2022', 'CUST55529', 'BRG0004', 20, 'DUS', '6940.30', 'IDR', 'BRND010', 'SLCYL'),
('TD', 'CAB04', 'IN6280', '01-23-2022', 'CUST55384', 'BRG0005', 1, 'DUS', '5648.30', 'IDR', 'BRND005', 'SLCYL'),
('TA', 'CAB09', 'IN6281', '01-30-2022', 'CUST55415', 'BRG0006', 10, 'DUS', '2819.20', 'IDR', 'BRND006', 'OGB & PH'),
('EPM', 'CAB01', 'IN6282', '05-28-2022', 'CUST55673', 'BRG0004', 9, 'DUS', '8700.70', 'IDR', 'BRND004', 'VNS'),
('TD', 'CAB03', 'IN6283', '05-19-2022', 'CUST55664', 'BRG0005', 10, 'DUS', '5648.30', 'IDR', 'BRND005', 'SLCYL'),
('TA', 'CAB03', 'IN6284', '01-23-2022', 'CUST55540', 'BRG0001', 76, 'DUS', '1169.91', 'IDR', 'BRND001', 'OGB & PH'),
('EPM', 'CAB01', 'IN6285', '05-15-2022', 'CUST55646', 'BRG0001', 130, 'DUS', '4592.10', 'IDR', 'BRND007', 'ETIKAL'),
('TD', 'CAB02', 'IN6286', '01-23-2022', 'CUST55468', 'BRG0003', 120, 'DUS', '5780.70', 'IDR', 'BRND009', 'VNS'),
('TD', 'CAB01', 'IN6287', '01-30-2022', 'CUST55391', 'BRG0002', 17, 'DUS', '2337.50', 'IDR', 'BRND002', 'ETIKAL'),
('TA', 'CAB06', 'IN6288', '06-06-2022', 'CUST55682', 'BRG0003', 17, 'DUS', '9999.99', 'IDR', 'BRND003', 'MARCKS'),
('TD', 'CAB01', 'IN6289', '01-23-2022', 'CUST55492', 'BRG0003', 25, 'DUS', '9999.99', 'IDR', 'BRND003', 'MARCKS'),
('EPM', 'CAB06', 'IN6290', '03-22-2022', 'CUST55592', 'BRG0003', 67, 'DUS', '9999.99', 'IDR', 'BRND003', 'MARCKS'),
('TD', 'CAB08', 'IN6291', '02-01-2022', 'CUST55489', 'BRG0010', 11, 'DUS', '6940.30', 'IDR', 'BRND010', 'SLCYL'),
('EPM', 'CAB01', 'IN6292', '01-28-2022', 'CUST55467', 'BRG0002', 10, 'DUS', '3991.90', 'IDR', 'BRND008', 'MARCKS'),
('TD', 'CAB08', 'IN6293', '02-01-2022', 'CUST55519', 'BRG0010', 4, 'DUS', '6940.30', 'IDR', 'BRND010', 'SLCYL'),
('TD', 'CAB05', 'IN6294', '05-03-2022', 'CUST55711', 'BRG0002', 98, 'DUS', '2337.50', 'IDR', 'BRND002', 'ETIKAL'),
('EPM', 'CAB07', 'IN6295', '05-22-2022', 'CUST55653', 'BRG0004', 8, 'DUS', '8700.70', 'IDR', 'BRND004', 'VNS'),
('TA', 'CAB09', 'IN6296', '06-09-2022', 'CUST55685', 'BRG0006', 12, 'DUS', '2819.20', 'IDR', 'BRND006', 'OGB & PH'),
('TD', 'CAB01', 'IN6297', '01-20-2022', 'CUST55381', 'BRG0002', 5, 'DUS', '2337.50', 'IDR', 'BRND002', 'ETIKAL'),
('TA', 'CAB06', 'IN6298', '05-21-2022', 'CUST55652', 'BRG0003', 4, 'DUS', '9999.99', 'IDR', 'BRND003', 'MARCKS'),
('EPM', 'CAB03', 'IN6299', '01-27-2022', 'CUST55514', 'BRG0005', 12, 'DUS', '5648.30', 'IDR', 'BRND005', 'SLCYL'),
('EPM', 'CAB01', 'IN6300', '02-01-2022', 'CUST55507', 'BRG0008', 22, 'DUS', '3991.90', 'IDR', 'BRND008', 'MARCKS'),
('EPM', 'CAB02', 'IN6301', '02-01-2022', 'CUST55393', 'BRG0004', 12, 'DUS', '8700.70', 'IDR', 'BRND004', 'VNS'),
('EPM', 'CAB09', 'IN6302', '02-23-2022', 'CUST55565', 'BRG0006', 120, 'DUS', '2819.20', 'IDR', 'BRND006', 'OGB & PH'),
('TD', 'CAB02', 'IN6303', '01-28-2022', 'CUST55539', 'BRG0010', 95, 'DUS', '6940.30', 'IDR', 'BRND010', 'SLCYL'),
('TD', 'CAB07', 'IN6304', '04-30-2022', 'CUST55728', 'BRG0009', 44, 'DUS', '5780.70', 'IDR', 'BRND009', 'VNS'),
('TA', 'CAB01', 'IN6305', '01-30-2022', 'CUST55493', 'BRG0004', 14, 'DUS', '8700.70', 'IDR', 'BRND004', 'VNS'),
('EPM', 'CAB09', 'IN6306', '01-27-2022', 'CUST55430', 'BRG0001', 45, 'DUS', '1169.91', 'IDR', 'BRND001', 'OGB & PH'),
('EPM', 'CAB05', 'IN6307', '01-23-2022', 'CUST55396', 'BRG0007', 14, 'DUS', '4592.10', 'IDR', 'BRND007', 'ETIKAL'),
('TD', 'CAB05', 'IN6308', '01-23-2022', 'CUST55516', 'BRG0007', 67, 'DUS', '4592.10', 'IDR', 'BRND007', 'ETIKAL'),
('TD', 'CAB01', 'IN6309', '04-26-2022', 'CUST55627', 'BRG0008', 45, 'DUS', '3991.90', 'IDR', 'BRND008', 'MARCKS'),
('EPM', 'CAB02', 'IN6310', '04-30-2022', 'CUST55693', 'BRG0004', 14, 'DUS', '8700.70', 'IDR', 'BRND004', 'VNS'),
('EPM', 'CAB05', 'IN6311', '01-23-2022', 'CUST55426', 'BRG0007', 7, 'DUS', '4592.10', 'IDR', 'BRND007', 'ETIKAL'),
('TD', 'CAB04', 'IN6312', '05-02-2022', 'CUST55725', 'BRG0006', 34, 'DUS', '2819.20', 'IDR', 'BRND006', 'OGB & PH'),
('TD', 'CAB03', 'IN6313', '04-20-2022', 'CUST55660', 'BRG0001', 24, 'DUS', '1169.91', 'IDR', 'BRND001', 'OGB & PH'),
('TA', 'CAB01', 'IN6314', '01-28-2022', 'CUST55527', 'BRG0002', 45, 'DUS', '3991.90', 'IDR', 'BRND008', 'MARCKS'),
('TD', 'CAB01', 'IN6315', '04-21-2022', 'CUST55643', 'BRG0004', 14, 'DUS', '8700.70', 'IDR', 'BRND004', 'VNS'),
('TA', 'CAB01', 'IN6316', '04-19-2022', 'CUST55662', 'BRG0003', 120, 'DUS', '9999.99', 'IDR', 'BRND003', 'MARCKS'),
('TD', 'CAB01', 'IN6317', '01-23-2022', 'CUST55522', 'BRG0003', 10, 'DUS', '9999.99', 'IDR', 'BRND003', 'MARCKS'),
('TD', 'CAB01', 'IN6318', '01-23-2022', 'CUST55462', 'BRG0003', 22, 'DUS', '9999.99', 'IDR', 'BRND003', 'MARCKS'),
('TD', 'CAB01', 'IN6319', '02-11-2022', 'CUST55553', 'BRG0004', 98, 'DUS', '8700.70', 'IDR', 'BRND004', 'VNS'),
('TD', 'CAB03', 'IN6320', '02-01-2022', 'CUST55495', 'BRG0006', 67, 'DUS', '2819.20', 'IDR', 'BRND006', 'OGB & PH'),
('EPM', 'CAB04', 'IN6321', '01-31-2022', 'CUST55410', 'BRG0001', 22, 'DUS', '1169.91', 'IDR', 'BRND001', 'OGB & PH'),
('TD', 'CAB07', 'IN6322', '01-31-2022', 'CUST55488', 'BRG0009', 17, 'DUS', '5780.70', 'IDR', 'BRND009', 'VNS'),
('TA', 'CAB03', 'IN6323', '01-30-2022', 'CUST55439', 'BRG0004', 6, 'DUS', '6940.30', 'IDR', 'BRND010', 'SLCYL'),
('EPM', 'CAB10', 'IN6324', '06-10-2022', 'CUST55686', 'BRG0007', 25, 'DUS', '4592.10', 'IDR', 'BRND007', 'ETIKAL'),
('EPM', 'CAB10', 'IN6325', '01-28-2022', 'CUST55521', 'BRG0002', 9, 'DUS', '2337.50', 'IDR', 'BRND002', 'ETIKAL'),
('TD', 'CAB07', 'IN6326', '01-31-2022', 'CUST55458', 'BRG0009', 4, 'DUS', '5780.70', 'IDR', 'BRND009', 'VNS'),
('TD', 'CAB01', 'IN6327', '01-27-2022', 'CUST55448', 'BRG0009', 25, 'DUS', '5780.70', 'IDR', 'BRND009', 'VNS');

--
-- Indexes for dumped tables
--

--
-- Indeks untuk tabel `barang`
--
ALTER TABLE `barang`
  ADD PRIMARY KEY (`kode_barang`);

--
-- Indeks untuk tabel `base_table`
--
ALTER TABLE `base_table`
  ADD PRIMARY KEY (`id_invoice`);

--
-- Indeks untuk tabel `pelanggan`
--
ALTER TABLE `pelanggan`
  ADD PRIMARY KEY (`id_customer`);

--
-- Indeks untuk tabel `penjualan`
--
ALTER TABLE `penjualan`
  ADD PRIMARY KEY (`id_invoice`);
COMMIT;

/*!40101 SET CHARACTER_SET_CLIENT=@OLD_CHARACTER_SET_CLIENT */;
/*!40101 SET CHARACTER_SET_RESULTS=@OLD_CHARACTER_SET_RESULTS */;
/*!40101 SET COLLATION_CONNECTION=@OLD_COLLATION_CONNECTION */;
